Fecha,Anio,Mes_Nombre,Trimestre,Decada,Num_Mes_Serie,Fase_ENOS,ENOS_Indice,Clasificacion_ONI,Intensidad_ENOS,Evento_Extremo,Temperatura_Max_C,Temperatura_Min_C,Temperatura_Prom_C,Temperatura_Prom_12m,Temperatura_Delta,Lluvia_Acumulada_mm,Lluvia_12m,Lluvia_Delta,Temporada,Casos_Dengue,Dengue_Delta,Casos_Leptospirosis,Casos_Respiratorios,Eventos_FRM,Familias_Afectadas,Inundaciones,Encharcamientos,Damnificados_Inundaciones,Damnificados_Encharcamientos,Total_Afectados,Datos_Completos,Clave_Anio_Mes
2007-01-01,2007,Ene,1,2000s,1,El Nino,,,Neutral,0,26.4,4.4,14.11,,,,,,,,,,,3.0,0.0,0.0,2.0,0.0,0.0,0.0,0,
2007-02-01,2007,Feb,1,2000s,2,Neutral,,,Neutral,0,25.4,-4.6,13.48,,-0.63,,,,,,,,,6.0,0.0,0.0,4.0,0.0,0.0,0.0,0,
2007-03-01,2007,Mar,1,2000s,3,Neutral,,,Neutral,0,24.0,5.1,14.23,,0.75,,,,,,,,,12.0,11.0,0.0,8.0,0.0,0.0,0.0,0,
2007-04-01,2007,Abr,2,2000s,4,Neutral,,,Neutral,0,23.0,6.6,14.75,,0.52,,,,,,,,,28.0,3.0,1.0,40.0,3.0,0.0,3.0,0,
2007-05-01,2007,May,2,2000s,5,Neutral,,,Neutral,0,21.9,5.9,13.26,,-1.49,,,,,,,,,16.0,6.0,0.0,36.0,0.0,25.0,25.0,0,
2007-06-01,2007,Jun,2,2000s,6,Neutral,,,Neutral,0,19.8,5.9,12.71,13.76,-0.55,,,,,,,,,12.0,3.0,1.0,7.0,0.0,0.0,0.0,0,
2007-07-01,2007,Jul,3,2000s,7,La Nina,,,Neutral,0,23.6,4.3,13.32,13.69,0.61,,,,,,,,,8.0,1.0,2.0,13.0,2.0,6.0,8.0,0,
2007-08-01,2007,Ago,3,2000s,8,La Nina,,,Neutral,0,23.3,3.0,13.04,13.61,-0.28,,,,,,,,,4.0,0.0,5.0,2.0,2.0,0.0,2.0,0,
2007-09-01,2007,Sep,3,2000s,9,La Nina,,,Neutral,0,24.3,1.7,13.56,13.61,0.52,,,,,,,,,6.0,13.0,0.0,0.0,0.0,0.0,0.0,0,
2007-10-01,2007,Oct,4,2000s,10,La Nina,,,Neutral,0,25.7,4.2,13.27,13.57,-0.29,,,,,,,,,53.0,33.0,3.0,134.0,0.0,78.0,78.0,0,
2008-10-01,2008,Oct,4,2000s,11,Neutral,,,Neutral,0,22.7,4.3,14.14,13.62,0.87,,,,,,,,,5.0,4.0,1.0,18.0,2.0,0.0,2.0,0,
2007-11-01,2007,Nov,4,2000s,12,La Nina,,,Neutral,0,25.7,-0.1,12.85,13.56,-1.29,,,,,,,,,43.0,52.0,15.0,101.0,54.0,23.0,77.0,0,
2008-11-01,2008,Nov,4,2000s,13,La Nina,,,Neutral,0,22.8,7.0,14.29,13.58,1.44,,,,,,,,,33.0,39.0,8.0,43.0,17.0,4.0,21.0,0,
2007-12-01,2007,Dic,4,2000s,14,La Nina,,,Neutral,0,23.8,2.1,11.98,13.45,-2.31,,,,,,,,,65.0,64.0,0.0,127.0,0.0,1.0,1.0,0,
2008-01-01,2008,Ene,1,2000s,15,La Nina,,,Neutral,0,23.8,-1.5,12.16,13.28,0.18,,,,,,,,,10.0,2.0,0.0,0.0,0.0,0.0,0.0,0,
2008-02-01,2008,Feb,1,2000s,16,La Nina,,,Neutral,0,23.5,-1.1,11.43,13.0,-0.73,,,,,,,,,7.0,6.0,0.0,30.0,0.0,1.0,1.0,0,
2008-03-01,2008,Mar,1,2000s,17,La Nina,,,Neutral,0,24.5,3.8,13.39,13.01,1.96,,,,,,,,,9.0,8.0,5.0,34.0,160.0,2.0,162.0,0,
2008-04-01,2008,Abr,2,2000s,18,La Nina,,,Neutral,0,24.2,2.2,13.42,13.07,0.03,,,,,,,,,8.0,10.0,2.0,21.0,248.0,0.0,248.0,0,
2008-05-01,2008,May,2,2000s,19,La Nina,,,Neutral,0,22.7,4.5,13.68,13.1,0.26,,,,,,,,,74.0,52.0,1.0,32.0,14.0,9.0,23.0,0,
2008-06-01,2008,Jun,2,2000s,20,La Nina,,,Neutral,0,22.5,5.7,13.72,13.16,0.04,,,,,,,,,23.0,3.0,1.0,12.0,0.0,1.0,1.0,0,
2008-07-01,2008,Jul,3,2000s,21,Neutral,,,Neutral,0,21.0,6.1,13.45,13.15,-0.27,,,,,,,,,17.0,4.0,0.0,6.0,0.0,0.0,0.0,0,
2008-08-01,2008,Ago,3,2000s,22,Neutral,,,Neutral,0,21.6,5.0,13.69,13.18,0.24,,,,,,,,,4.0,0.0,1.0,5.0,0.0,0.0,0.0,0,
2008-09-01,2008,Sep,3,2000s,23,Neutral,,,Neutral,0,22.6,6.0,13.97,13.17,0.28,,,,,,,,,3.0,2.0,0.0,0.0,0.0,0.0,0.0,0,
2008-12-01,2008,Dic,4,2000s,24,La Nina,,,Neutral,0,22.9,4.3,14.03,13.27,0.06,,,,,,,,,38.0,11.0,5.0,26.0,0.0,0.0,0.0,0,
2009-01-01,2009,Ene,1,2000s,25,La Nina,-0.8,NINA DNBIL,Debil,0,23.5,4.0,14.05,13.25,0.02,476.9,,,Lluvioso,127.0,,0.0,55.0,5.0,0.0,1.0,5.0,0.0,0.0,0.0,1,2009Ene
2009-02-01,2009,Feb,1,2000s,26,La Nina,-0.7,NINA DNBIL,Debil,0,23.8,5.1,14.22,13.43,0.17,796.7,,319.8,Lluvioso,36.0,-91.0,1.0,74.0,21.0,47.0,4.0,61.0,60.0,1.0,61.0,1,2009Feb
2009-03-01,2009,Mar,1,2000s,27,La Nina,-0.5,NINA DNBIL,Debil,0,23.7,7.3,14.32,13.61,0.1,1092.3,,295.6,Lluvioso,26.0,-10.0,1.0,149.0,7.0,5.0,4.0,35.0,7.0,2.0,9.0,1,2009Mar
2009-04-01,2009,Abr,2,2000s,28,Neutral,-0.2,NEUTRO,Neutral,0,24.4,5.7,14.71,13.89,0.39,686.0,,-406.3,Lluvioso,52.0,26.0,1.0,303.0,39.0,64.0,2.0,25.0,0.0,5.0,5.0,1,2009Abr
2009-05-01,2009,May,2,2000s,29,Neutral,0.1,NEUTRO,Neutral,0,22.8,5.4,14.58,13.99,-0.13,243.4,,-442.6,Menos lluvioso,37.0,-15.0,2.0,264.0,4.0,109.0,1.0,7.0,2.0,0.0,2.0,1,2009May
2009-06-01,2009,Jun,2,2000s,30,Neutral,0.4,NEUTRO,Neutral,0,23.3,6.4,14.35,14.06,-0.23,393.4,614.78,150.0,Menos lluvioso,51.0,14.0,1.0,323.0,6.0,5.0,0.0,12.0,0.0,0.0,0.0,1,2009Jun
2009-07-01,2009,Jul,3,2000s,31,El Nino,0.5,NINO DNBIL,Debil,0,21.4,6.4,13.92,14.08,-0.43,354.5,577.6,-38.9,Menos lluvioso,70.0,19.0,2.0,331.0,4.0,0.0,0.0,8.0,0.0,0.0,0.0,1,2009Jul
2009-08-01,2009,Ago,3,2000s,32,El Nino,0.5,NINO DNBIL,Debil,0,23.4,7.1,14.47,14.15,0.55,252.2,536.92,-102.3,Menos lluvioso,21.0,-49.0,1.0,509.0,3.0,0.0,0.0,1.0,0.0,0.0,0.0,1,2009Ago
2009-09-01,2009,Sep,3,2000s,33,El Nino,0.7,NINO DNBIL,Debil,0,22.9,4.0,14.56,14.24,0.09,220.0,501.71,-32.2,Menos lluvioso,25.0,4.0,0.0,572.0,0.0,0.0,0.0,1.0,0.0,0.0,0.0,1,2009Sep
2009-10-01,2009,Oct,4,2000s,34,El Nino,1.0,NINO MODERADO,Moderado,0,24.1,3.7,14.34,14.29,-0.22,1322.7,583.81,1102.7,Lluvioso,73.0,48.0,2.0,423.0,3.0,26.0,16.0,70.0,1.0,9.0,10.0,1,2009Oct
2009-11-01,2009,Nov,4,2000s,35,El Nino,1.3,NINO MODERADO,Moderado,0,24.6,5.3,14.7,14.35,0.36,665.4,591.23,-657.3,Lluvioso,47.0,-26.0,1.0,410.0,5.0,13.0,4.0,31.0,4.0,1.0,5.0,1,2009Nov
2009-12-01,2009,Dic,4,2000s,36,El Nino,1.6,NINO FUERTE,Fuerte,1,24.9,2.8,14.64,14.4,-0.06,423.5,577.25,-241.9,Lluvioso,110.0,63.0,1.0,360.0,4.0,3.0,1.0,18.0,0.0,0.0,0.0,1,2009Dic
2010-01-01,2010,Ene,1,2010s,37,El Nino,1.5,NINO FUERTE,Fuerte,1,25.0,0.4,14.67,14.46,0.03,96.1,545.52,-327.4,Menos lluvioso,707.0,597.0,1.0,230.0,2.0,0.0,0.0,1.0,0.0,0.0,0.0,1,2010Ene
2010-02-01,2010,Feb,1,2010s,38,El Nino,1.3,NINO MODERADO,Moderado,0,26.2,6.0,15.62,14.57,0.95,216.3,497.15,120.2,Menos lluvioso,225.0,-482.0,0.0,263.0,3.0,1.0,0.0,3.0,0.0,0.0,0.0,1,2010Feb
2010-03-01,2010,Mar,1,2010s,39,El Nino,0.9,NINO DNBIL,Debil,0,25.2,5.3,15.92,14.71,0.3,215.7,424.1,-0.6,Menos lluvioso,211.0,-14.0,0.0,436.0,2.0,0.0,0.0,2.0,0.0,0.0,0.0,1,2010Mar
2010-04-01,2010,Abr,2,2010s,40,Neutral,0.4,NEUTRO,Neutral,0,24.2,7.4,15.09,14.74,-0.83,1429.3,486.04,1213.6,Lluvioso,412.0,201.0,1.0,510.0,19.0,91.0,3.0,57.0,2.0,28.0,30.0,1,2010Abr
2010-05-01,2010,May,2,2010s,41,Neutral,-0.1,NEUTRO,Neutral,0,23.9,9.1,15.17,14.79,0.08,1659.7,604.07,230.4,Lluvioso,224.0,-188.0,0.0,498.0,36.0,71.0,5.0,68.0,111.0,8.0,119.0,1,2010May
2010-06-01,2010,Jun,2,2010s,42,La Nina,-0.6,NINA DNBIL,Debil,0,22.3,7.3,14.55,14.8,-0.62,685.3,628.39,-974.4,Lluvioso,194.0,-30.0,0.0,350.0,20.0,8.0,0.0,8.0,0.0,0.0,0.0,1,2010Jun
2010-07-01,2010,Jul,3,2010s,43,La Nina,-1.0,NINA MODERADO,Moderado,0,24.1,6.6,14.39,14.84,-0.16,976.5,680.22,291.2,Lluvioso,333.0,139.0,0.0,188.0,27.0,67.0,2.0,19.0,0.0,0.0,0.0,1,2010Jul
2010-08-01,2010,Ago,3,2010s,44,La Nina,-1.4,NINA MODERADO,Moderado,0,24.0,8.1,14.35,14.83,-0.04,302.1,684.38,-674.4,Menos lluvioso,119.0,-214.0,0.0,1.0,7.0,1.0,0.0,4.0,0.0,3.0,3.0,1,2010Ago
2010-09-01,2010,Sep,3,2010s,45,La Nina,-1.6,NINA FUERTE,Fuerte,1,23.5,6.6,14.33,14.81,-0.02,494.3,707.24,192.2,Menos lluvioso,49.0,-70.0,2.0,0.0,5.0,7.0,0.0,3.0,0.0,2.0,2.0,1,2010Sep
2010-10-01,2010,Oct,4,2010s,46,La Nina,-1.7,NINA FUERTE,Fuerte,1,25.8,6.3,14.5,14.83,0.17,1216.5,698.39,722.2,Lluvioso,66.0,17.0,0.0,2.0,19.0,12.0,19.0,46.0,67.0,11.0,78.0,1,2010Oct
2010-11-01,2010,Nov,4,2010s,47,La Nina,-1.7,NINA FUERTE,Fuerte,1,24.2,6.7,14.3,14.79,-0.2,1738.0,787.78,521.5,Lluvioso,42.0,-24.0,0.0,69.0,139.0,915.0,23.0,53.0,1099.0,71.0,1170.0,1,2010Nov
2010-12-01,2010,Dic,4,2010s,48,La Nina,-1.6,NINA FUERTE,Fuerte,1,24.5,5.0,13.72,14.72,-0.58,1084.8,842.88,-653.2,Lluvioso,40.0,-2.0,0.0,45.0,180.0,451.0,10.0,24.0,22.0,52.0,74.0,1,2010Dic
2011-01-01,2011,Ene,1,2010s,49,La Nina,-1.4,NINA MODERADO,Moderado,0,24.9,4.3,13.83,14.65,0.11,642.3,888.4,-442.5,Menos lluvioso,135.0,95.0,2.0,65.0,45.0,75.0,1.0,24.0,6.0,17.0,23.0,1,2011Ene
2011-02-01,2011,Feb,1,2010s,50,La Nina,-1.1,NINA MODERADO,Moderado,0,24.2,5.5,14.11,14.52,0.28,40.25,873.73,-602.05,Menos lluvioso,30.0,-105.0,1.0,113.0,31.0,52.0,0.0,50.0,0.0,4.0,4.0,1,2011Feb
2011-03-01,2011,Mar,1,2010s,51,La Nina,-0.8,NINA DNBIL,Debil,0,22.3,6.0,14.01,14.36,-0.1,923.55,932.72,883.3,Lluvioso,19.0,-11.0,1.0,292.0,103.0,211.0,0.0,47.0,0.0,6.0,6.0,1,2011Mar
2011-04-01,2011,Abr,2,2010s,52,La Nina,-0.6,NINA DNBIL,Debil,0,24.4,8.4,14.33,14.3,0.32,1627.8,949.26,704.25,Lluvioso,26.0,7.0,0.0,379.0,174.0,288.0,15.0,114.0,82.0,40.0,122.0,1,2011Abr
2011-05-01,2011,May,2,2010s,53,La Nina,-0.5,NINA DNBIL,Debil,0,22.8,7.7,14.76,14.26,0.43,1090.8,901.85,-537.0,Lluvioso,22.0,-4.0,3.0,305.0,204.0,275.0,0.0,62.0,0.0,744.0,744.0,1,2011May
2011-06-01,2011,Jun,2,2010s,54,Neutral,-0.4,NEUTRO,Neutral,0,24.1,6.0,14.63,14.27,-0.13,604.1,895.08,-486.7,Menos lluvioso,16.0,-6.0,1.0,213.0,47.0,101.0,0.0,31.0,0.0,233.0,233.0,1,2011Jun
2011-07-01,2011,Jul,3,2010s,55,La Nina,-0.5,NINA DNBIL,Debil,0,22.4,5.6,13.93,14.23,-0.7,445.4,850.82,-158.7,Menos lluvioso,38.0,22.0,0.0,133.0,18.0,26.0,1.0,15.0,0.0,9.0,9.0,1,2011Jul
2011-08-01,2011,Ago,3,2010s,56,La Nina,-0.7,NINA DNBIL,Debil,0,24.2,5.3,14.21,14.22,0.28,355.0,855.23,-90.4,Menos lluvioso,28.0,-10.0,3.0,141.0,12.0,1.0,55.0,20.0,1.0,0.0,1.0,1,2011Ago
2011-09-01,2011,Sep,3,2010s,57,La Nina,-0.9,NINA DNBIL,Debil,0,23.8,4.2,13.96,14.19,-0.25,398.0,847.21,43.0,Menos lluvioso,17.0,-11.0,0.0,119.0,22.0,19.0,0.0,35.0,0.0,1.0,1.0,1,2011Sep
2011-10-01,2011,Oct,4,2010s,58,La Nina,-1.1,NINA MODERADO,Moderado,0,23.4,5.3,13.8,14.13,-0.16,1380.3,860.86,982.3,Lluvioso,30.0,13.0,0.0,120.0,46.0,51.0,16.0,137.0,28.0,1.0,29.0,1,2011Oct
2011-11-01,2011,Nov,4,2010s,59,La Nina,-1.1,NINA MODERADO,Moderado,0,23.6,4.6,13.97,14.1,0.17,1809.6,866.82,429.3,Lluvioso,22.0,-8.0,1.0,149.0,167.0,707.0,6.0,498.0,21.0,108.0,129.0,1,2011Nov
2011-12-01,2011,Dic,4,2010s,60,La Nina,-1.0,NINA MODERADO,Moderado,0,24.0,6.5,14.27,14.15,0.3,1323.0,886.67,-486.6,Lluvioso,41.0,19.0,1.0,129.0,236.0,898.0,7.0,308.0,0.0,21344.0,21344.0,1,2011Dic
2012-01-01,2012,Ene,1,2010s,61,La Nina,-0.8,NINA DNBIL,Debil,0,24.3,4.2,14.29,14.19,0.02,690.9,890.72,-632.1,Lluvioso,153.0,112.0,1.0,85.0,15.0,16.0,1.0,77.0,0.0,2.0,2.0,1,2012Ene
2012-02-01,2012,Feb,1,2010s,62,La Nina,-0.6,NINA DNBIL,Debil,0,24.2,4.2,14.0,14.18,-0.29,1178.7,985.6,487.8,Lluvioso,43.0,-110.0,2.0,201.0,11.0,15.0,1.0,187.0,0.0,16.0,16.0,1,2012Feb
2012-03-01,2012,Mar,1,2010s,63,La Nina,-0.5,NINA DNBIL,Debil,0,23.9,6.7,14.1,14.19,0.1,985.6,990.77,-193.1,Lluvioso,42.0,-1.0,1.0,334.0,24.0,45.0,1.0,95.0,0.0,24.0,24.0,1,2012Mar
2012-04-01,2012,Abr,2,2010s,64,Neutral,-0.4,NEUTRO,Neutral,0,23.2,7.2,13.95,14.16,-0.15,1434.2,974.63,448.6,Lluvioso,67.0,25.0,1.0,310.0,84.0,274.0,2.0,253.0,202.0,134.0,336.0,1,2012Abr
2012-05-01,2012,May,2,2010s,65,Neutral,-0.2,NEUTRO,Neutral,0,23.2,6.5,14.4,14.13,0.45,287.6,907.7,-1146.6,Menos lluvioso,46.0,-21.0,3.0,249.0,7.0,29.0,0.0,3.0,0.0,0.0,0.0,1,2012May
2012-06-01,2012,Jun,2,2010s,66,Neutral,0.1,NEUTRO,Neutral,0,23.2,4.9,14.22,14.09,-0.18,270.7,879.92,-16.9,Menos lluvioso,65.0,19.0,0.0,126.0,8.0,5.0,0.0,0.0,0.0,0.0,0.0,1,2012Jun
2012-07-01,2012,Jul,3,2010s,67,Neutral,0.3,NEUTRO,Neutral,0,21.3,6.6,13.7,14.07,-0.52,430.5,878.68,159.8,Menos lluvioso,110.0,45.0,2.0,72.0,7.0,4.0,0.0,8.0,0.0,7.0,7.0,1,2012Jul
2012-08-01,2012,Ago,3,2010s,68,Neutral,0.3,NEUTRO,Neutral,0,22.4,7.3,13.74,14.03,0.04,429.3,884.87,-1.2,Menos lluvioso,50.0,-60.0,2.0,71.0,6.0,9.0,0.0,15.0,0.0,11.0,11.0,1,2012Ago
2012-09-01,2012,Sep,3,2010s,69,Neutral,0.3,NEUTRO,Neutral,0,26.3,4.6,13.95,14.03,0.21,257.3,873.14,-172.0,Menos lluvioso,63.0,13.0,0.0,99.0,5.0,2.0,2.0,7.0,0.0,0.0,0.0,1,2012Sep
2012-10-01,2012,Oct,4,2010s,70,Neutral,0.2,NEUTRO,Neutral,0,26.4,5.2,14.41,14.08,0.46,1069.6,847.25,812.3,Lluvioso,56.0,-7.0,1.0,90.0,24.0,20.0,1.0,46.0,0.0,0.0,0.0,1,2012Oct
2012-11-01,2012,Nov,4,2010s,71,Neutral,0.0,NEUTRO,Neutral,0,24.7,2.9,14.4,14.12,-0.01,537.0,741.2,-532.6,Lluvioso,78.0,22.0,0.0,106.0,11.0,29.0,1.0,46.0,0.0,8.0,8.0,1,2012Nov
2012-12-01,2012,Dic,4,2010s,72,Neutral,-0.2,NEUTRO,Neutral,0,24.8,3.6,14.04,14.1,-0.36,548.1,676.62,11.1,Lluvioso,127.0,49.0,0.0,70.0,2.0,0.0,0.0,16.0,0.0,5.0,5.0,1,2012Dic
2013-01-01,2013,Ene,1,2010s,73,Neutral,-0.4,NEUTRO,Neutral,0,25.1,2.5,14.46,14.11,0.42,79.2,625.65,-468.9,Menos lluvioso,573.0,446.0,2.0,31.0,2.0,50.0,0.0,0.0,0.0,0.0,0.0,1,2013Ene
2013-02-01,2013,Feb,1,2010s,74,Neutral,-0.3,NEUTRO,Neutral,0,24.3,5.4,14.35,14.14,-0.11,882.2,600.94,803.0,Lluvioso,148.0,-425.0,2.0,57.0,5.0,13.0,2.0,8.0,13.0,2.0,15.0,1,2013Feb
2013-03-01,2013,Mar,1,2010s,75,Neutral,-0.2,NEUTRO,Neutral,0,25.5,4.1,14.84,14.2,0.49,500.0,560.48,-382.2,Lluvioso,212.0,64.0,4.0,125.0,9.0,8.0,0.0,21.0,0.0,0.0,0.0,1,2013Mar
2013-04-01,2013,Abr,2,2010s,76,Neutral,-0.2,NEUTRO,Neutral,0,25.8,5.2,14.91,14.28,0.07,1444.6,561.34,944.6,Lluvioso,255.0,43.0,1.0,177.0,16.0,17.0,1.0,25.0,0.0,0.0,0.0,1,2013Abr
2013-05-01,2013,May,2,2010s,77,Neutral,-0.3,NEUTRO,Neutral,0,24.8,6.7,14.61,14.3,-0.3,1025.5,622.83,-419.1,Lluvioso,169.0,-86.0,2.0,179.0,6.0,2.0,0.0,7.0,0.0,0.0,0.0,1,2013May
2013-06-01,2013,Jun,2,2010s,78,Neutral,-0.3,NEUTRO,Neutral,0,23.3,6.5,14.48,14.32,-0.13,205.6,617.41,-819.9,Menos lluvioso,238.0,69.0,1.0,133.0,2.0,2.0,0.0,1.0,0.0,0.0,0.0,1,2013Jun
2013-07-01,2013,Jul,3,2010s,79,Neutral,-0.4,NEUTRO,Neutral,0,23.3,5.4,13.59,14.32,-0.89,296.3,606.22,90.7,Menos lluvioso,337.0,99.0,3.0,58.0,5.0,0.0,0.0,0.0,0.0,0.0,0.0,1,2013Jul
2013-08-01,2013,Ago,3,2010s,80,Neutral,-0.4,NEUTRO,Neutral,0,24.3,6.7,13.94,14.33,0.35,453.3,608.22,157.0,Menos lluvioso,191.0,-146.0,1.0,71.0,2.0,1.0,0.0,0.0,0.0,0.0,0.0,1,2013Ago
2013-09-01,2013,Sep,3,2010s,81,Neutral,-0.3,NEUTRO,Neutral,0,23.7,4.0,14.3,14.36,0.36,301.5,611.91,-151.8,Menos lluvioso,103.0,-88.0,0.0,39.0,3.0,2.0,0.0,2.0,0.0,0.0,0.0,1,2013Sep
2013-10-01,2013,Oct,4,2010s,82,Neutral,-0.2,NEUTRO,Neutral,0,24.3,4.3,14.03,14.33,-0.27,776.4,587.47,474.9,Lluvioso,147.0,44.0,4.0,75.0,7.0,26.0,2.0,12.0,13.0,1.0,14.0,1,2013Oct
2013-11-01,2013,Nov,4,2010s,83,Neutral,-0.2,NEUTRO,Neutral,0,24.6,5.3,13.98,14.29,-0.05,1363.0,656.31,586.6,Lluvioso,114.0,-33.0,2.0,81.0,12.0,6.0,2.0,4.0,0.0,0.0,0.0,1,2013Nov
2013-12-01,2013,Dic,4,2010s,84,Neutral,-0.3,NEUTRO,Neutral,0,24.4,4.7,14.04,14.29,0.06,758.0,673.8,-605.0,Lluvioso,129.0,15.0,1.0,69.0,11.0,4.0,4.0,1.0,0.0,0.0,0.0,1,2013Dic
2014-01-01,2014,Ene,1,2010s,85,Neutral,-0.4,NEUTRO,Neutral,0,24.7,3.3,14.31,14.28,0.27,382.1,699.04,-375.9,Menos lluvioso,513.0,384.0,8.0,47.0,2.0,1.0,0.0,1.0,0.0,0.0,0.0,1,2014Ene
2014-02-01,2014,Feb,1,2010s,86,Neutral,-0.4,NEUTRO,Neutral,0,24.3,5.3,14.52,14.3,0.21,658.7,680.42,276.6,Lluvioso,124.0,-389.0,3.0,96.0,2.0,6.0,0.0,0.0,0.0,0.0,0.0,1,2014Feb
2014-03-01,2014,Mar,1,2010s,87,Neutral,-0.2,NEUTRO,Neutral,0,25.6,5.2,14.67,14.28,0.15,959.6,718.72,300.9,Lluvioso,127.0,3.0,3.0,167.0,7.0,5.0,0.0,1.0,0.0,0.0,0.0,1,2014Mar
2014-04-01,2014,Abr,2,2010s,88,Neutral,0.1,NEUTRO,Neutral,0,24.2,6.2,14.71,14.26,0.04,619.3,649.94,-340.3,Lluvioso,206.0,79.0,2.0,140.0,3.0,1.0,1.0,2.0,0.0,0.0,0.0,1,2014Abr
2014-05-01,2014,May,2,2010s,89,Neutral,0.3,NEUTRO,Neutral,0,24.4,4.6,14.76,14.28,0.05,792.0,630.48,172.7,Lluvioso,107.0,-99.0,4.0,127.0,2.0,0.0,0.0,0.0,0.0,0.0,0.0,1,2014May
2014-06-01,2014,Jun,2,2010s,90,Neutral,0.2,NEUTRO,Neutral,0,22.3,6.1,14.23,14.26,-0.53,383.7,645.32,-408.3,Menos lluvioso,124.0,17.0,4.0,94.0,14.0,9.0,3.0,2.0,12.0,11.0,23.0,1,2014Jun
2014-07-01,2014,Jul,3,2010s,91,Neutral,0.1,NEUTRO,Neutral,0,23.0,6.5,14.04,14.29,-0.19,550.9,666.54,167.2,Menos lluvioso,195.0,71.0,5.0,57.0,16.0,5.0,0.0,0.0,0.0,0.0,0.0,1,2014Jul
2014-08-01,2014,Ago,3,2010s,92,Neutral,0.0,NEUTRO,Neutral,0,22.6,3.3,13.66,14.27,-0.38,789.6,694.57,238.7,Menos lluvioso,100.0,-95.0,5.0,58.0,6.0,0.0,1.0,0.0,0.0,0.0,0.0,1,2014Ago
2014-09-01,2014,Sep,3,2010s,93,Neutral,0.2,NEUTRO,Neutral,0,24.7,5.2,14.12,14.26,0.46,11.0,670.36,-778.6,Menos lluvioso,94.0,-6.0,4.0,57.0,4.0,2.0,1.0,1.0,0.0,0.0,0.0,1,2014Sep
2014-10-01,2014,Oct,4,2010s,94,Neutral,0.4,NEUTRO,Neutral,0,23.8,5.9,14.3,14.28,0.18,950.2,684.84,939.2,Lluvioso,180.0,86.0,1.0,41.0,4.0,1.0,2.0,11.0,0.0,0.0,0.0,1,2014Oct
2014-11-01,2014,Nov,4,2010s,95,El Nino,0.6,NINO DNBIL,Debil,0,24.6,6.0,14.36,14.31,0.06,1110.1,663.77,159.9,Lluvioso,155.0,-25.0,6.0,60.0,10.0,7.0,8.0,1.0,8.0,0.0,8.0,1,2014Nov
2014-12-01,2014,Dic,4,2010s,96,El Nino,0.7,NINO DNBIL,Debil,0,24.4,4.0,13.97,14.3,-0.39,1101.5,692.39,-8.6,Lluvioso,316.0,161.0,1.0,55.0,22.0,19.0,5.0,2.0,0.0,0.0,0.0,1,2014Dic
2015-01-01,2015,Ene,1,2010s,97,El Nino,0.6,NINO DNBIL,Debil,0,24.6,1.9,14.03,14.28,0.06,367.2,691.15,-734.3,Menos lluvioso,503.0,187.0,2.0,26.0,3.0,3.0,1.0,0.0,0.0,0.0,0.0,1,2015Ene
2015-02-01,2015,Feb,1,2010s,98,El Nino,0.6,NINO DNBIL,Debil,0,26.5,4.7,14.63,14.29,0.6,307.1,661.85,-60.1,Menos lluvioso,86.0,-417.0,0.0,36.0,1.0,0.0,0.0,0.0,0.0,0.0,0.0,1,2015Feb
2015-03-01,2015,Mar,1,2010s,99,El Nino,0.6,NINO DNBIL,Debil,0,25.3,6.4,14.81,14.3,0.18,967.4,662.5,660.3,Lluvioso,79.0,-7.0,0.0,59.0,14.0,41.0,1.0,31.0,0.0,0.0,0.0,1,2015Mar
2015-04-01,2015,Abr,2,2010s,100,El Nino,0.8,NINO DNBIL,Debil,0,23.0,7.3,14.92,14.32,0.11,468.1,649.9,-499.3,Lluvioso,108.0,29.0,1.0,64.0,4.0,8.0,2.0,2.0,0.0,0.0,0.0,1,2015Abr
2015-05-01,2015,May,2,2010s,101,El Nino,1.0,NINO MODERADO,Moderado,0,26.9,5.9,15.08,14.35,0.16,173.9,598.39,-294.2,Menos lluvioso,70.0,-38.0,2.0,70.0,5.0,2.0,0.0,0.0,0.0,0.0,0.0,1,2015May
2015-06-01,2015,Jun,2,2010s,102,El Nino,1.2,NINO MODERADO,Moderado,0,22.6,6.0,14.08,14.33,-1.0,603.8,616.73,429.9,Lluvioso,84.0,14.0,4.0,46.0,12.0,13.0,1.0,0.0,0.0,0.0,0.0,1,2015Jun
2015-07-01,2015,Jul,3,2010s,103,El Nino,1.5,NINO FUERTE,Fuerte,1,22.3,6.9,14.33,14.36,0.25,208.9,588.23,-394.9,Menos lluvioso,102.0,18.0,3.0,39.0,4.0,0.0,1.0,0.0,0.0,0.0,0.0,1,2015Jul
2015-08-01,2015,Ago,3,2010s,104,El Nino,1.8,NINO FUERTE,Fuerte,1,22.0,5.5,14.52,14.43,0.19,204.3,539.46,-4.6,Menos lluvioso,62.0,-40.0,2.0,37.0,7.0,5.0,0.0,0.0,0.0,0.0,0.0,1,2015Ago
2015-09-01,2015,Sep,3,2010s,105,El Nino,2.1,NINO FUERTE,Muy Fuerte,1,24.1,3.3,14.62,14.47,0.1,692.0,596.21,487.7,Lluvioso,71.0,9.0,3.0,40.0,3.0,0.0,2.0,0.0,0.0,0.0,0.0,1,2015Sep
2015-10-01,2015,Oct,4,2010s,106,El Nino,2.4,NINO FUERTE,Muy Fuerte,1,25.4,5.3,14.85,14.52,0.23,484.0,557.36,-208.0,Lluvioso,121.0,50.0,3.0,44.0,0.0,0.0,1.0,11.0,0.0,4.0,4.0,1,2015Oct
2015-11-01,2015,Nov,4,2010s,107,El Nino,2.5,NINO FUERTE,Muy Fuerte,1,25.3,7.2,14.99,14.57,0.14,1372.1,579.19,888.1,Lluvioso,189.0,68.0,3.0,47.0,7.0,2.0,0.0,36.0,0.0,2.0,2.0,1,2015Nov
2015-12-01,2015,Dic,4,2010s,108,El Nino,2.6,NINO FUERTE,Muy Fuerte,1,24.9,3.6,14.5,14.61,-0.49,18.6,488.95,-1353.5,Menos lluvioso,356.0,167.0,4.0,37.0,0.0,0.0,1.0,0.0,0.0,0.0,0.0,1,2015Dic
2016-01-01,2016,Ene,1,2010s,109,El Nino,2.5,NINO FUERTE,Muy Fuerte,1,27.3,3.1,15.4,14.73,0.9,66.6,463.9,48.0,Menos lluvioso,1101.0,745.0,2.0,26.0,3.0,0.0,0.0,0.0,0.0,0.0,0.0,1,2016Ene
2016-02-01,2016,Feb,1,2010s,110,El Nino,2.2,NINO FUERTE,Muy Fuerte,1,27.5,4.8,15.93,14.84,0.53,184.3,453.67,117.7,Menos lluvioso,283.0,-818.0,2.0,39.0,3.0,0.0,0.0,0.0,0.0,0.0,0.0,1,2016Feb
2016-03-01,2016,Mar,1,2010s,111,El Nino,1.7,NINO FUERTE,Fuerte,1,28.2,5.7,16.19,14.95,0.26,851.7,444.02,667.4,Lluvioso,353.0,70.0,1.0,87.0,3.0,1.0,5.0,8.0,0.0,2.0,2.0,1,2016Mar
2016-04-01,2016,Abr,2,2010s,112,El Nino,1.0,NINO MODERADO,Moderado,0,26.4,8.6,15.41,14.99,-0.78,1409.9,522.51,558.2,Lluvioso,244.0,-109.0,2.0,125.0,12.0,106.0,1.0,26.0,0.0,10.0,10.0,1,2016Abr
2016-05-01,2016,May,2,2010s,113,El Nino,0.5,NINO DNBIL,Debil,0,24.7,8.0,15.12,15.0,-0.29,859.3,579.62,-550.6,Lluvioso,147.0,-97.0,4.0,131.0,6.0,1.0,3.0,9.0,0.0,0.0,0.0,1,2016May
2016-06-01,2016,Jun,2,2010s,114,Neutral,0.0,NEUTRO,Neutral,0,24.4,6.8,14.35,15.02,-0.77,258.8,550.88,-600.5,Menos lluvioso,134.0,-13.0,5.0,115.0,2.0,3.0,1.0,0.0,0.0,0.0,0.0,1,2016Jun
2016-07-01,2016,Jul,3,2010s,115,Neutral,-0.3,NEUTRO,Neutral,0,22.6,7.4,14.26,15.01,-0.09,474.3,572.99,215.5,Menos lluvioso,123.0,-11.0,2.0,86.0,3.0,0.0,3.0,1.0,0.0,0.0,0.0,1,2016Jul
2016-08-01,2016,Ago,3,2010s,116,La Nina,-0.6,NINA DNBIL,Debil,0,23.4,5.2,14.32,15.0,0.06,406.2,589.82,-68.1,Menos lluvioso,75.0,-48.0,4.0,72.0,4.0,1.0,1.0,0.0,0.0,0.0,0.0,1,2016Ago
2016-09-01,2016,Sep,3,2010s,117,La Nina,-0.7,NINA DNBIL,Debil,0,24.1,5.4,14.37,14.97,0.05,678.7,588.71,272.5,Lluvioso,31.0,-44.0,3.0,88.0,2.0,1.0,6.0,7.0,0.0,0.0,0.0,1,2016Sep
2016-10-01,2016,Oct,4,2010s,118,La Nina,-0.7,NINA DNBIL,Debil,0,25.4,5.0,14.84,14.97,0.47,843.0,618.62,164.3,Lluvioso,46.0,15.0,10.0,79.0,4.0,0.0,1.0,30.0,0.0,1.0,1.0,1,2016Oct
2016-11-01,2016,Nov,4,2010s,119,La Nina,-0.7,NINA DNBIL,Debil,0,26.0,6.5,14.45,14.93,-0.39,1885.0,661.37,1042.0,Lluvioso,51.0,5.0,3.0,62.0,22.0,25.0,1.0,35.0,0.0,0.0,0.0,1,2016Nov
2016-12-01,2016,Dic,4,2010s,120,La Nina,-0.6,NINA DNBIL,Debil,0,25.0,4.0,14.3,14.91,-0.15,569.6,707.28,-1315.4,Lluvioso,57.0,6.0,3.0,38.0,1.0,0.0,0.0,0.0,0.0,0.0,0.0,1,2016Dic
2017-01-01,2017,Ene,1,2010s,121,Neutral,-0.3,NEUTRO,Neutral,0,24.4,2.2,14.06,14.8,-0.24,427.0,737.32,-142.6,Menos lluvioso,105.0,48.0,3.0,29.0,1.0,0.0,0.0,5.0,0.0,0.0,0.0,1,2017Ene
2017-02-01,2017,Feb,1,2010s,122,Neutral,-0.1,NEUTRO,Neutral,0,26.0,3.5,14.41,14.67,0.35,708.4,780.99,281.4,Lluvioso,25.0,-80.0,0.0,61.0,1.0,1.0,0.0,1.0,0.0,0.0,0.0,1,2017Feb
2017-03-01,2017,Mar,1,2010s,123,Neutral,0.1,NEUTRO,Neutral,0,24.8,4.9,14.34,14.52,-0.07,1392.9,826.09,684.5,Lluvioso,25.0,0.0,2.0,130.0,42.0,57.0,4.0,6.0,0.0,0.0,0.0,1,2017Mar
2017-04-01,2017,Abr,2,2010s,124,Neutral,0.3,NEUTRO,Neutral,0,25.5,4.1,14.88,14.48,0.54,614.5,759.81,-778.4,Lluvioso,41.0,16.0,2.0,133.0,16.0,16.0,0.0,2.0,0.0,0.0,0.0,1,2017Abr
2017-05-01,2017,May,2,2010s,125,Neutral,0.4,NEUTRO,Neutral,0,25.2,6.8,14.78,14.45,-0.1,1394.0,804.37,779.5,Lluvioso,32.0,-9.0,6.0,105.0,54.0,78.0,6.0,16.0,0.0,0.0,0.0,1,2017May
2017-06-01,2017,Jun,2,2010s,126,Neutral,0.4,NEUTRO,Neutral,0,24.0,6.8,14.6,14.47,-0.18,797.1,849.22,-596.9,Lluvioso,37.0,5.0,1.0,101.0,13.0,13.0,2.0,0.0,4.0,0.0,4.0,1,2017Jun
2017-07-01,2017,Jul,3,2010s,127,Neutral,0.2,NEUTRO,Neutral,0,23.9,6.2,14.09,14.45,-0.51,155.2,822.63,-641.9,Menos lluvioso,49.0,12.0,2.0,60.0,6.0,9.0,0.0,0.0,0.0,0.0,0.0,1,2017Jul
2017-08-01,2017,Ago,3,2010s,128,Neutral,-0.1,NEUTRO,Neutral,0,24.6,5.4,14.44,14.46,0.35,591.1,838.04,435.9,Menos lluvioso,33.0,-16.0,2.0,42.0,5.0,0.0,0.0,0.0,0.0,0.0,0.0,1,2017Ago
2017-09-01,2017,Sep,3,2010s,129,Neutral,-0.4,NEUTRO,Neutral,0,24.2,5.9,14.82,14.5,0.38,290.9,805.72,-300.2,Menos lluvioso,41.0,8.0,10.0,58.0,3.0,2.0,0.0,0.0,0.0,0.0,0.0,1,2017Sep
2017-10-01,2017,Oct,4,2010s,130,La Nina,-0.7,NINA DNBIL,Debil,0,27.0,5.4,14.41,14.46,-0.41,669.1,791.23,378.2,Lluvioso,38.0,-3.0,4.0,48.0,7.0,5.0,0.0,2.0,0.0,0.0,0.0,1,2017Oct
2017-11-01,2017,Nov,4,2010s,131,La Nina,-0.9,NINA DNBIL,Debil,0,25.2,4.9,14.29,14.45,-0.12,1200.4,734.18,531.3,Lluvioso,24.0,-14.0,6.0,62.0,23.0,42.0,1.0,28.0,0.0,4.0,4.0,1,2017Nov
2017-12-01,2017,Dic,4,2010s,132,La Nina,-1.0,NINA MODERADO,Moderado,0,25.1,2.6,14.35,14.46,0.06,579.5,735.01,-620.9,Menos lluvioso,28.0,4.0,5.0,45.0,5.0,4.0,2.0,2.0,0.0,0.0,0.0,1,2017Dic
2018-01-01,2018,Ene,1,2010s,133,La Nina,-0.9,NINA DNBIL,Debil,0,25.5,3.4,13.92,14.44,-0.43,533.9,743.92,-45.6,Menos lluvioso,108.0,80.0,13.0,34.0,16.0,9.0,2.0,1.0,0.0,0.0,0.0,1,2018Ene
2018-02-01,2018,Feb,1,2010s,134,La Nina,-0.8,NINA DNBIL,Debil,0,26.6,4.9,14.72,14.47,0.8,339.3,713.16,-194.6,Menos lluvioso,21.0,-87.0,5.0,70.0,0.0,0.0,0.0,0.0,0.0,0.0,0.0,1,2018Feb
2018-03-01,2018,Mar,1,2010s,135,La Nina,-0.6,NINA DNBIL,Debil,0,27.1,3.5,14.63,14.49,-0.09,980.5,678.79,641.2,Lluvioso,35.0,14.0,7.0,97.0,6.0,1.0,0.0,8.0,0.0,139.0,139.0,1,2018Mar
2018-04-01,2018,Abr,2,2010s,136,Neutral,-0.4,NEUTRO,Neutral,0,25.0,7.0,13.94,14.42,-0.69,1391.0,743.5,410.5,Lluvioso,46.0,11.0,7.0,120.0,53.0,63.0,2.0,27.0,6.0,18.0,24.0,1,2018Abr
2018-05-01,2018,May,2,2010s,137,Neutral,-0.1,NEUTRO,Neutral,0,22.9,6.5,14.35,14.38,0.41,1004.8,711.07,-386.2,Lluvioso,17.0,-29.0,12.0,180.0,9.0,2.0,0.0,5.0,0.0,0.0,0.0,1,2018May
2018-06-01,2018,Jun,2,2010s,138,Neutral,0.1,NEUTRO,Neutral,0,21.7,6.4,14.08,14.34,-0.27,315.2,670.91,-689.6,Lluvioso,55.0,38.0,8.0,153.0,3.0,0.0,0.0,0.0,0.0,0.0,0.0,1,2018Jun
2018-07-01,2018,Jul,3,2010s,139,Neutral,0.1,NEUTRO,Neutral,0,22.1,7.4,14.16,14.34,0.08,449.3,695.42,134.1,Menos lluvioso,73.0,18.0,6.0,70.0,6.0,1.0,0.0,0.0,0.0,0.0,0.0,1,2018Jul
2018-08-01,2018,Ago,3,2010s,140,Neutral,0.2,NEUTRO,Neutral,0,22.2,3.4,13.85,14.29,-0.31,347.1,675.08,-102.2,Menos lluvioso,39.0,-34.0,1.0,64.0,5.0,6.0,0.0,0.0,0.0,0.0,0.0,1,2018Ago
2018-09-01,2018,Sep,3,2010s,141,Neutral,0.4,NEUTRO,Neutral,0,24.8,5.3,14.52,14.27,0.67,282.9,674.42,-64.2,Menos lluvioso,46.0,7.0,7.0,69.0,8.0,9.0,0.0,12.0,0.0,0.0,0.0,1,2018Sep
2018-10-01,2018,Oct,4,2010s,142,El Nino,0.7,NINO DNBIL,Debil,0,24.6,6.3,14.85,14.3,0.33,618.1,670.17,335.2,Lluvioso,59.0,13.0,6.0,44.0,8.0,3.0,0.0,13.0,0.0,0.0,0.0,1,2018Oct
2018-11-01,2018,Nov,4,2010s,143,El Nino,0.9,NINO DNBIL,Debil,0,26.0,6.0,14.98,14.36,0.13,932.0,647.8,313.9,Lluvioso,62.0,3.0,7.0,63.0,2.0,1.0,0.0,26.0,0.0,108.0,108.0,1,2018Nov
2018-12-01,2018,Dic,4,2010s,144,El Nino,0.8,NINO DNBIL,Debil,0,25.8,3.6,14.34,14.36,-0.64,19.9,601.17,-912.1,Menos lluvioso,85.0,23.0,6.0,53.0,3.0,0.0,0.0,2.0,0.0,1.0,1.0,1,2018Dic
2019-01-01,2019,Ene,1,2010s,145,El Nino,0.8,NINO DNBIL,Debil,0,25.6,3.9,14.63,14.42,0.29,169.4,570.79,149.5,Menos lluvioso,392.0,307.0,2.0,25.0,0.0,0.0,2.0,1.0,0.0,0.0,0.0,1,2019Ene
2019-02-01,2019,Feb,1,2010s,146,El Nino,0.8,NINO DNBIL,Debil,0,27.4,6.2,15.45,14.48,0.82,394.0,575.35,224.6,Menos lluvioso,130.0,-262.0,4.0,42.0,9.0,0.0,3.0,13.0,0.0,0.0,0.0,1,2019Feb
2019-03-01,2019,Mar,1,2010s,147,El Nino,0.8,NINO DNBIL,Debil,0,26.9,6.8,15.42,14.55,-0.03,840.1,563.65,446.1,Lluvioso,103.0,-27.0,1.0,87.0,9.0,12.0,0.0,32.0,0.0,65.0,65.0,1,2019Mar
2019-04-01,2019,Abr,2,2010s,148,El Nino,0.7,NINO DNBIL,Debil,0,26.2,8.0,15.43,14.67,0.01,1240.6,551.12,400.5,Lluvioso,177.0,74.0,3.0,151.0,25.0,0.0,0.0,32.0,0.0,0.0,0.0,1,2019Abr
2019-05-01,2019,May,2,2010s,149,El Nino,0.6,NINO DNBIL,Debil,0,25.0,5.3,15.09,14.73,-0.34,1295.3,575.32,54.7,Lluvioso,307.0,130.0,7.0,163.0,7.0,88.0,11.0,0.0,0.0,5.0,5.0,1,2019May
2019-06-01,2019,Jun,2,2010s,150,El Nino,0.5,NINO DNBIL,Debil,0,24.8,5.8,14.79,14.79,-0.3,766.5,612.93,-528.8,Menos lluvioso,168.0,-139.0,4.0,115.0,5.0,149.0,0.0,8.0,0.0,9.0,9.0,1,2019Jun
2019-07-01,2019,Jul,3,2010s,151,Neutral,0.3,NEUTRO,Neutral,0,27.2,6.2,14.63,14.83,-0.16,464.3,614.18,-302.2,Menos lluvioso,335.0,167.0,3.0,66.0,10.0,0.0,0.0,7.0,0.0,0.0,0.0,1,2019Jul
2019-08-01,2019,Ago,3,2010s,152,Neutral,0.1,NEUTRO,Neutral,0,27.1,4.5,14.36,14.87,-0.27,412.4,619.62,-51.9,Menos lluvioso,182.0,-153.0,3.0,66.0,7.0,127.0,0.0,0.0,0.0,0.0,0.0,1,2019Ago
2019-09-01,2019,Sep,3,2010s,153,Neutral,0.1,NEUTRO,Neutral,0,29.7,6.2,15.01,14.92,0.65,754.9,658.96,342.5,Menos lluvioso,159.0,-23.0,1.0,55.0,5.0,9.0,3.0,16.0,0.0,4.0,4.0,1,2019Sep
2019-10-01,2019,Oct,4,2010s,154,Neutral,0.3,NEUTRO,Neutral,0,28.7,4.8,14.55,14.89,-0.46,1049.7,694.92,294.8,Lluvioso,130.0,-29.0,4.0,59.0,7.0,7.0,0.0,30.0,0.0,123.0,123.0,1,2019Oct
2019-11-01,2019,Nov,4,2010s,155,El Nino,0.5,NINO DNBIL,Debil,0,28.8,5.2,15.13,14.9,0.58,2036.2,786.94,986.5,Lluvioso,203.0,73.0,1.0,46.0,37.0,0.0,0.0,68.0,0.0,0.0,0.0,1,2019Nov
2019-12-01,2019,Dic,4,2010s,156,El Nino,0.5,NINO DNBIL,Debil,0,28.4,5.7,15.25,14.98,0.12,439.7,821.92,-1596.5,Lluvioso,163.0,-40.0,6.0,58.0,5.0,4.0,0.0,10.0,0.0,6.0,6.0,1,2019Dic
2020-01-01,2020,Ene,1,2020s,157,El Nino,0.5,NINO DNBIL,Debil,0,28.7,3.3,15.15,15.02,-0.1,354.2,837.32,-85.5,Menos lluvioso,967.0,804.0,9.0,36.0,5.0,0.0,0.0,43.0,0.0,7.0,7.0,1,2020Ene
2020-02-01,2020,Feb,1,2020s,158,El Nino,0.6,NINO DNBIL,Debil,0,29.1,0.7,15.36,15.01,0.21,1035.5,890.78,681.3,Lluvioso,188.0,-779.0,4.0,72.0,8.0,0.0,1.0,44.0,0.0,2.0,2.0,1,2020Feb
2020-03-01,2020,Mar,1,2020s,159,El Nino,0.5,NINO DNBIL,Debil,0,28.0,5.8,15.84,15.05,0.48,927.6,898.08,-107.9,Lluvioso,106.0,-82.0,2.0,203.0,4.0,4.0,0.0,36.0,0.0,0.0,0.0,1,2020Mar
2020-04-01,2020,Abr,2,2020s,160,Neutral,0.3,NEUTRO,Neutral,0,26.4,4.8,15.64,15.07,-0.2,736.1,856.03,-191.5,Menos lluvioso,75.0,-31.0,1.0,474.0,2.0,2.0,0.0,3.0,0.0,1.0,1.0,1,2020Abr
2020-05-01,2020,May,2,2020s,161,Neutral,0.0,NEUTRO,Neutral,0,25.5,7.2,15.39,15.09,-0.25,783.3,813.37,47.2,Menos lluvioso,72.0,-3.0,0.0,1784.0,10.0,6.0,0.0,1.0,0.0,0.0,0.0,1,2020May
2020-06-01,2020,Jun,2,2020s,162,Neutral,-0.2,NEUTRO,Neutral,0,24.8,7.1,14.89,15.1,-0.5,919.3,826.1,136.0,Lluvioso,52.0,-20.0,3.0,3091.0,8.0,15.0,0.0,0.0,0.0,0.0,0.0,1,2020Jun
2020-07-01,2020,Jul,3,2020s,163,Neutral,-0.4,NEUTRO,Neutral,0,23.9,7.4,14.57,15.1,-0.32,1041.9,874.23,122.6,Lluvioso,42.0,-10.0,1.0,5063.0,5.0,16.0,0.0,3.0,0.0,0.0,0.0,1,2020Jul
2020-08-01,2020,Ago,3,2020s,164,Neutral,-0.6,NINO FUERTE,Neutral,0,25.9,6.0,14.85,15.14,0.28,473.4,879.32,-568.5,Menos lluvioso,21.0,-21.0,0.0,132.0,3.0,10.0,0.0,3.0,0.0,0.0,0.0,1,2020Ago
2020-09-01,2020,Sep,3,2020s,165,Neutral,-0.9,NINO FUERTE,Neutral,0,25.2,4.1,14.54,15.1,-0.31,980.7,898.13,507.3,Lluvioso,54.0,33.0,3.0,59.0,1.0,0.0,0.0,3.0,0.0,0.0,0.0,1,2020Sep
2020-10-01,2020,Oct,4,2020s,166,Neutral,-1.2,NINO FUERTE,Neutral,0,25.8,6.1,14.93,15.13,0.39,397.9,843.82,-582.8,Menos lluvioso,56.0,2.0,6.0,79.0,0.0,0.0,0.0,4.0,0.0,0.0,0.0,1,2020Oct
2020-11-01,2020,Nov,4,2020s,167,Neutral,-1.3,NINO FUERTE,Neutral,0,25.8,7.1,14.65,15.09,-0.28,2413.2,875.23,2015.3,Lluvioso,49.0,-7.0,5.0,84.0,71.0,204.0,0.0,75.0,0.0,42.0,42.0,1,2020Nov
2020-12-01,2020,Dic,4,2020s,168,La Nina,-1.2,NINA MODERADO,Moderado,0,26.2,4.6,14.69,15.04,0.04,880.1,911.93,-1533.1,Lluvioso,47.0,-2.0,3.0,84.0,29.0,47.0,0.0,4.0,0.0,0.0,0.0,1,2020Dic
2021-01-01,2021,Ene,1,2020s,169,La Nina,-1.0,NINA MODERADO,Moderado,0,26.5,4.0,14.37,14.98,-0.32,186.6,897.97,-693.5,Menos lluvioso,33.0,-14.0,5.0,64.0,4.0,6.0,0.0,1.0,0.0,0.0,0.0,1,2021Ene
2021-02-01,2021,Feb,1,2020s,170,La Nina,-0.9,NINA DNBIL,Debil,0,26.8,4.0,15.18,14.96,0.81,549.1,857.43,362.5,Menos lluvioso,29.0,-4.0,6.0,63.0,2.0,1.0,0.0,5.0,0.0,3.0,3.0,1,2021Feb
2021-03-01,2021,Mar,1,2020s,171,La Nina,-0.8,NINA DNBIL,Debil,0,26.3,6.5,14.21,14.83,-0.97,1310.3,889.32,761.2,Lluvioso,25.0,-4.0,8.0,113.0,8.0,9.0,0.0,15.0,0.0,0.0,0.0,1,2021Mar
2021-04-01,2021,Abr,2,2020s,172,La Nina,-0.7,NINA DNBIL,Debil,0,26.5,4.9,15.25,14.79,1.04,1061.7,916.46,-248.6,Lluvioso,22.0,-3.0,7.0,143.0,16.0,22.0,0.0,5.0,0.0,0.0,0.0,1,2021Abr
2021-05-01,2021,May,2,2020s,173,La Nina,-0.5,NINA DNBIL,Debil,0,27.1,6.8,15.11,14.77,-0.14,1692.0,992.18,630.3,Lluvioso,15.0,-7.0,8.0,154.0,61.0,85.0,0.0,11.0,0.0,8.0,8.0,1,2021May
2021-06-01,2021,Jun,2,2020s,174,Neutral,-0.4,NEUTRO,Neutral,0,26.0,5.9,14.59,14.74,-0.52,1491.4,1039.86,-200.6,Lluvioso,22.0,7.0,4.0,205.0,49.0,97.0,0.0,22.0,0.0,4.0,4.0,1,2021Jun
2021-07-01,2021,Jul,3,2020s,175,Neutral,-0.4,NEUTRO,Neutral,0,25.3,7.4,14.5,14.74,-0.09,104.8,961.77,-1386.6,Menos lluvioso,20.0,-2.0,5.0,167.0,25.0,12.0,0.0,7.0,0.0,0.0,0.0,1,2021Jul
2021-08-01,2021,Ago,3,2020s,176,La Nina,-0.5,NINA DNBIL,Debil,0,26.4,6.6,14.52,14.71,0.02,282.2,945.83,177.4,Lluvioso,40.0,20.0,8.0,170.0,16.0,12.0,0.0,13.0,0.0,7.0,7.0,1,2021Ago
2021-09-01,2021,Sep,3,2020s,177,La Nina,-0.7,NINA DNBIL,Debil,0,26.1,3.9,14.47,14.71,-0.05,127.6,874.74,-154.6,Menos lluvioso,31.0,-9.0,12.0,181.0,9.0,4.0,0.0,3.0,0.0,0.0,0.0,1,2021Sep
2021-10-01,2021,Oct,4,2020s,178,La Nina,-0.8,NINA DNBIL,Debil,0,26.4,4.9,14.9,14.7,0.43,498.8,883.15,371.2,Lluvioso,29.0,-2.0,16.0,170.0,25.0,58.0,1.0,38.0,7.0,38.0,45.0,1,2021Oct
2021-11-01,2021,Nov,4,2020s,179,La Nina,-1.0,NINA MODERADO,Moderado,0,26.3,4.4,14.82,14.72,-0.08,305.0,707.47,-193.8,Lluvioso,53.0,24.0,9.0,151.0,21.0,182.0,0.0,40.0,0.0,10.0,10.0,1,2021Nov
2021-12-01,2021,Dic,4,2020s,180,La Nina,-1.0,NINA MODERADO,Moderado,0,26.6,3.5,15.49,14.78,0.67,95.5,642.08,-209.5,Menos lluvioso,36.0,-17.0,13.0,105.0,8.0,27.0,0.0,0.0,0.0,0.0,0.0,1,2021Dic
2022-01-01,2022,Ene,1,2020s,181,La Nina,-1.0,NINA MODERADO,Moderado,0,26.4,3.5,14.94,14.83,-0.55,233.6,646.0,138.1,Lluvioso,44.0,8.0,9.0,81.0,1.0,0.0,0.0,6.0,0.0,0.0,0.0,1,2022Ene
2022-02-01,2022,Feb,1,2020s,182,La Nina,-1.0,NINA MODERADO,Moderado,0,26.2,5.1,14.77,14.8,-0.17,1439.3,720.18,1205.7,Lluvioso,17.0,-27.0,8.0,137.0,4.0,4.0,0.0,9.0,0.0,0.0,0.0,1,2022Feb
2022-03-01,2022,Mar,1,2020s,183,La Nina,-1.3,NINA MODERADO,Moderado,0,26.4,4.2,15.06,14.87,0.29,1021.5,696.12,-417.8,Lluvioso,21.0,4.0,12.0,212.0,15.0,20.0,0.0,44.0,0.0,111.0,111.0,1,2022Mar
2022-04-01,2022,Abr,2,2020s,184,La Nina,-1.6,NINA FUERTE,Fuerte,1,27.7,5.5,14.92,14.84,-0.14,1523.2,734.58,501.7,Lluvioso,62.0,41.0,12.0,216.0,35.0,38.0,0.0,38.0,0.0,288.0,288.0,1,2022Abr
2022-05-01,2022,May,2,2020s,185,La Nina,-1.6,NINA FUERTE,Fuerte,1,27.3,6.6,15.06,14.84,0.14,927.4,670.86,-595.8,Lluvioso,61.0,-1.0,13.0,379.0,24.0,18.0,0.0,10.0,0.0,107.0,107.0,1,2022May
2022-06-01,2022,Jun,2,2020s,186,La Nina,-1.9,NINA FUERTE,Fuerte,1,25.0,6.0,13.95,14.78,-1.11,1534.9,674.48,607.5,Lluvioso,27.0,-34.0,8.0,338.0,50.0,188.0,0.0,31.0,0.0,47.0,47.0,1,2022Jun
2022-07-01,2022,Jul,3,2020s,187,La Nina,-2.2,NINA FUERTE,Muy Fuerte,1,25.7,4.0,14.7,14.8,0.75,720.8,725.82,-814.1,Lluvioso,69.0,42.0,9.0,219.0,18.0,39.0,0.0,5.0,0.0,0.0,0.0,1,2022Jul
2022-08-01,2022,Ago,3,2020s,188,La Nina,-1.8,NINA FUERTE,Fuerte,1,26.0,4.9,14.39,14.79,-0.31,676.7,758.69,-44.1,Lluvioso,62.0,-7.0,9.0,191.0,11.0,7.0,0.0,3.0,0.0,0.0,0.0,1,2022Ago
2022-09-01,2022,Sep,3,2020s,189,La Nina,-1.8,NINA FUERTE,Fuerte,1,26.3,4.4,14.21,14.77,-0.18,848.9,818.8,172.2,Lluvioso,37.0,-25.0,10.0,211.0,6.0,5.0,0.0,1.0,0.0,0.0,0.0,1,2022Sep
2022-10-01,2022,Oct,4,2020s,190,La Nina,-1.7,NINA FUERTE,Fuerte,1,28.7,6.5,14.61,14.74,0.4,2167.5,957.86,1318.6,Lluvioso,65.0,28.0,12.0,188.0,27.0,26.0,1.0,19.0,0.0,52.0,52.0,1,2022Oct
2022-11-01,2022,Nov,4,2020s,191,La Nina,-1.5,NINA FUERTE,Fuerte,1,25.6,6.8,14.56,14.72,-0.05,2065.1,1104.53,-102.4,Lluvioso,55.0,-10.0,15.0,209.0,71.0,568.0,0.0,48.0,0.0,137.0,137.0,1,2022Nov
2022-12-01,2022,Dic,4,2020s,192,La Nina,-1.5,NINA DNBIL,Fuerte,1,26.5,2.3,14.31,14.62,-0.25,874.8,1169.47,-1190.3,Lluvioso,75.0,20.0,17.0,164.0,26.0,61.0,1.0,15.0,0.0,4.0,4.0,1,2022Dic
2023-01-01,2023,Ene,1,2020s,193,La Nina,-0.7,NINA DNBIL,Debil,0,26.8,2.6,14.2,14.56,-0.11,1714.1,1292.85,839.3,Lluvioso,25.0,-50.0,25.0,244.0,54.0,103.0,0.0,16.0,0.0,12.0,12.0,1,2023Ene
2023-02-01,2023,Feb,1,2020s,194,Neutral,-0.4,NINA DNBIL,Neutral,0,27.3,2.0,14.8,14.56,0.6,531.6,1217.21,-1182.5,Menos lluvioso,11.0,-14.0,11.0,285.0,13.0,14.0,0.0,7.0,0.0,7.0,7.0,1,2023Feb
2023-03-01,2023,Mar,1,2020s,195,Neutral,-0.1,NINA DNBIL,Neutral,0,26.3,7.0,15.0,14.56,0.2,1573.4,1263.2,1041.8,Lluvioso,11.0,0.0,11.0,391.0,71.0,89.0,0.0,37.0,0.0,1366.0,1366.0,1,2023Mar
2023-04-01,2023,Abr,2,2020s,196,Neutral,0.2,NINA DNBIL,Neutral,0,26.1,6.7,15.2,14.58,0.2,1154.8,1232.5,-418.6,Lluvioso,7.0,-4.0,7.0,455.0,16.0,10.0,0.0,7.0,0.0,0.0,0.0,1,2023Abr
2023-05-01,2023,May,2,2020s,197,Neutral,0.5,NINO DNBIL,Neutral,0,27.8,6.8,15.8,14.64,0.6,1159.6,1251.85,4.8,Lluvioso,15.0,8.0,15.0,520.0,9.0,6.0,0.0,13.0,0.0,0.0,0.0,1,2023May
2023-06-01,2023,Jun,2,2020s,198,Neutral,0.8,NINO DNBIL,Neutral,0,25.6,6.4,15.4,14.76,-0.4,322.4,1150.81,-837.2,Menos lluvioso,6.0,-9.0,6.0,341.0,9.0,6.0,0.0,2.0,0.0,0.0,0.0,1,2023Jun
2023-07-01,2023,Jul,3,2020s,199,El Nino,1.1,NINO MODERADO,Moderado,0,25.2,8.0,15.07,14.8,-0.33,710.6,1149.96,388.2,Menos lluvioso,11.0,5.0,5.0,286.0,8.0,7.0,0.0,2.0,0.0,0.0,0.0,1,2023Jul
2023-08-01,2023,Ago,3,2020s,200,El Nino,1.3,NINO MODERADO,Moderado,0,26.6,5.6,15.35,14.88,0.28,657.9,1148.39,-52.7,Menos lluvioso,6.0,-5.0,6.0,317.0,9.0,12.0,0.0,1.0,0.0,0.0,0.0,1,2023Agos
2023-09-01,2023,Sep,3,2020s,201,El Nino,1.6,NINO FUERTE,Fuerte,1,27.8,4.4,15.34,14.97,-0.01,709.8,1136.8,51.9,Menos lluvioso,3.0,-3.0,11.0,311.0,4.0,0.0,0.0,8.0,0.0,12.0,12.0,1,2023Sep
2023-10-01,2023,Oct,4,2020s,202,El Nino,1.8,NINO FUERTE,Fuerte,1,27.9,6.2,15.59,15.05,0.25,1328.8,1066.91,619.0,Lluvioso,0.0,-3.0,12.0,291.0,3.0,2.0,0.0,46.0,0.0,53.0,53.0,1,2023Oct
2023-11-01,2023,Nov,4,2020s,203,El Nino,1.9,NINO FUERTE,Fuerte,1,26.7,4.9,15.72,15.15,0.13,722.5,955.02,-606.3,Menos lluvioso,4.0,4.0,16.0,347.0,14.0,17.0,0.0,12.0,0.0,3.0,3.0,1,2023Nov
2023-12-01,2023,Dic,4,2020s,204,El Nino,2.0,NINO FUERTE,Muy Fuerte,1,27.0,4.6,15.8,15.27,0.08,621.9,933.95,-100.6,Menos lluvioso,2.0,-2.0,10.0,259.0,8.0,6.0,0.0,4.0,0.0,10.0,10.0,1,2023Dic
2024-01-01,2024,Ene,1,2020s,205,El Nino,1.8,NINO FUERTE,Fuerte,1,29.8,2.9,15.93,15.42,0.13,156.2,804.12,-465.7,Menos lluvioso,520.0,518.0,2.0,319.0,0.0,0.0,0.0,0.0,0.0,0.0,0.0,1,2024Ene
2024-02-01,2024,Feb,1,2020s,206,El Nino,1.5,NINO FUERTE,Fuerte,1,28.3,5.5,16.04,15.52,0.11,772.9,824.23,616.7,Menos lluvioso,208.0,-312.0,2.0,412.0,5.0,34.0,0.0,7.0,0.0,0.0,0.0,1,2024Feb
2024-03-01,2024,Mar,1,2020s,207,El Nino,1.1,NINO MODERADO,Moderado,0,29.8,6.7,16.29,15.63,0.25,670.6,749.0,-102.3,Menos lluvioso,285.0,77.0,1.0,457.0,12.0,10.0,0.0,2.0,0.0,0.0,0.0,1,2024Mar
2024-04-01,2024,Abr,2,2020s,208,El Nino,0.7,NINO DNBIL,Debil,0,29.4,3.5,15.9,15.69,-0.39,1376.7,767.49,706.1,Lluvioso,418.0,133.0,1.0,552.0,11.0,13.0,0.0,2.0,0.0,0.0,0.0,1,2024Abr
2024-05-01,2024,May,2,2020s,209,Neutral,0.4,NEUTRO,Neutral,0,28.9,8.7,16.08,15.71,0.18,1122.6,764.41,-254.1,Lluvioso,310.0,-108.0,5.0,736.0,13.0,9.0,0.0,7.0,0.0,6.0,6.0,1,2024May
2024-06-01,2024,Jun,2,2020s,210,Neutral,0.2,NEUTRO,Neutral,0,28.6,7.5,15.27,15.7,-0.81,1334.9,848.78,212.3,Lluvioso,319.0,9.0,4.0,548.0,12.0,14.0,0.0,5.0,0.0,0.0,0.0,1,2024Jun
2024-07-01,2024,Jul,3,2020s,211,Neutral,0.0,NEUTRO,Neutral,0,28.0,6.9,15.03,15.7,-0.24,599.7,839.54,-735.2,Menos lluvioso,381.0,62.0,1.0,424.0,4.0,1.0,0.0,5.0,0.0,133.0,133.0,1,2024Jul
2024-08-01,2024,Ago,3,2020s,212,Neutral,-0.1,NEUTRO,Neutral,0,27.8,5.1,14.92,15.66,-0.11,188.3,800.41,-411.4,Menos lluvioso,192.0,-189.0,5.0,382.0,2.0,1.0,0.0,0.0,0.0,0.0,0.0,1,2024Agos
2024-09-01,2024,Sep,3,2020s,213,Neutral,-0.2,NEUTRO,Neutral,0,27.8,5.5,15.39,15.66,0.47,649.7,795.4,461.4,Menos lluvioso,121.0,-71.0,4.0,366.0,13.0,19.0,0.0,30.0,0.0,67.0,67.0,1,2024Sept
2024-10-01,2024,Oct,4,2020s,214,Neutral,-0.3,NEUTRO,Neutral,0,30.1,4.5,15.32,15.64,-0.07,1493.6,809.13,843.9,Lluvioso,132.0,11.0,1.0,329.0,26.0,28.0,0.0,15.0,0.0,1.0,1.0,1,2024Oct
2024-11-01,2024,Nov,4,2020s,215,Neutral,-0.4,NEUTRO,Neutral,0,26.0,6.9,14.55,15.54,-0.77,2499.9,957.25,1006.3,Lluvioso,104.0,-28.0,1.0,364.0,152.0,391.0,0.0,67.0,0.0,67.0,67.0,1,2024Nov
2024-12-01,2024,Dic,4,2020s,216,Neutral,0.5,NEUTRO,Neutral,0,25.3,4.6,14.98,15.48,0.43,379.2,937.03,-2120.7,Menos lluvioso,139.0,35.0,4.0,262.0,10.0,22.0,0.0,8.0,0.0,1.0,1.0,1,2024Dic
2025-01-01,2025,Ene,1,2020s,217,El Nino,-0.6,NINO FUERTE,Debil,0,26.4,2.2,14.78,15.38,-0.2,425.7,959.48,46.5,Menos lluvioso,537.0,398.0,2.0,246.0,3.0,1.0,0.0,0.0,0.0,0.0,0.0,1,2025Ene
2025-02-01,2025,Feb,1,2020s,218,El Nino,-0.4,NINO FUERTE,Debil,0,25.1,7.1,15.34,15.32,0.56,1685.7,1035.55,1260.0,Lluvioso,105.0,-432.0,3.0,380.0,9.0,11.0,0.0,27.0,0.0,0.0,0.0,1,2025Feb
2025-03-01,2025,Mar,1,2020s,219,El Nino,-0.2,NINO FUERTE,Debil,0,27.0,5.4,15.98,15.3,0.64,2660.2,1201.35,974.5,Lluvioso,109.0,4.0,2.0,535.0,20.0,6.0,0.0,27.0,0.0,0.0,0.0,1,2025Mar
2025-04-01,2025,Abr,2,2020s,220,Neutral,-0.1,NEUTRO,Neutral,0,25.6,6.7,15.38,15.25,-0.6,2609.6,1304.09,-50.6,Lluvioso,160.0,51.0,3.0,568.0,37.0,42.0,0.0,24.0,0.0,50.0,50.0,1,2025Abr
2025-05-01,2025,May,2,2020s,221,Neutral,-0.1,NEUTRO,Neutral,0,24.2,8.2,14.96,15.16,-0.42,1856.5,1365.25,-753.1,Lluvioso,79.0,-81.0,5.0,628.0,23.0,6.0,0.0,15.0,0.0,0.0,0.0,1,2025May
2025-06-01,2025,Jun,2,2020s,222,Neutral,-0.1,NEUTRO,Neutral,0,,,,15.15,,1430.9,1373.25,-425.6,Lluvioso,71.0,-8.0,4.0,525.0,17.0,15.0,0.0,9.0,0.0,9.0,9.0,1,2025Jun
2025-07-01,2025,Jul,3,2020s,223,,,,Neutral,0,,,,15.16,,,1443.57,,,,,,,,,,,,,,0,
