date,TOTAL,ClimAdjust,ANOM,ANOM_trimester,ANOM_trimester_round,phase_trimester,phase_event
1950-01-01 00:00:00,24.56,26.18,-1.62,-1.3366666666666667,-1.3,lanina,lanina
1950-02-01 00:00:00,25.07,26.39,-1.32,-1.1666666666666667,-1.2,lanina,lanina
1950-03-01 00:00:00,25.88,26.95,-1.07,-1.1833333333333333,-1.2,lanina,lanina
1950-04-01 00:00:00,26.29,27.39,-1.11,-1.0733333333333335,-1.1,lanina,lanina
1950-05-01 00:00:00,26.19,27.56,-1.37,-0.8500000000000001,-0.8,lanina,lanina
1950-06-01 00:00:00,26.47,27.21,-0.74,-0.5333333333333333,-0.5,lanina,lanina
1950-07-01 00:00:00,26.28,26.72,-0.44,-0.42333333333333334,-0.4,neutral,neutral
1950-08-01 00:00:00,25.88,26.3,-0.42,-0.3833333333333333,-0.4,neutral,neutral
1950-09-01 00:00:00,25.73,26.14,-0.41,-0.44333333333333336,-0.4,neutral,neutral
1950-10-01 00:00:00,25.68,26.01,-0.32,-0.6,-0.6,lanina,neutral
1950-11-01 00:00:00,25.46,26.06,-0.6,-0.7999999999999999,-0.8,lanina,neutral
1950-12-01 00:00:00,25.29,26.18,-0.88,-0.82,-0.8,lanina,neutral
1951-01-01 00:00:00,25.26,26.18,-0.92,-0.54,-0.5,lanina,neutral
1951-02-01 00:00:00,25.72,26.39,-0.66,-0.16666666666666666,-0.2,neutral,neutral
1951-03-01 00:00:00,26.91,26.95,-0.04,0.17666666666666667,0.2,neutral,neutral
1951-04-01 00:00:00,27.59,27.39,0.2,0.36333333333333334,0.4,neutral,neutral
1951-05-01 00:00:00,27.93,27.56,0.37,0.5866666666666667,0.6,elnino,elnino
1951-06-01 00:00:00,27.73,27.21,0.52,0.7000000000000001,0.7,elnino,elnino
1951-07-01 00:00:00,27.59,26.72,0.87,0.8866666666666667,0.9,elnino,elnino
1951-08-01 00:00:00,27.01,26.3,0.71,0.9933333333333333,1.0,elnino,elnino
1951-09-01 00:00:00,27.22,26.14,1.08,1.1533333333333333,1.2,elnino,elnino
1951-10-01 00:00:00,27.2,26.01,1.19,1.04,1.0,elnino,elnino
1951-11-01 00:00:00,27.25,26.06,1.19,0.8066666666666666,0.8,elnino,elnino
1951-12-01 00:00:00,26.92,26.18,0.74,0.5333333333333333,0.5,elnino,elnino
1952-01-01 00:00:00,26.67,26.18,0.49,0.3666666666666667,0.4,neutral,neutral
1952-02-01 00:00:00,26.75,26.39,0.37,0.3433333333333333,0.3,neutral,neutral
1952-03-01 00:00:00,27.19,26.95,0.24,0.2966666666666667,0.3,neutral,neutral
1952-04-01 00:00:00,27.81,27.39,0.42,0.20666666666666667,0.2,neutral,neutral
1952-05-01 00:00:00,27.79,27.56,0.23,0.0,0.0,neutral,neutral
1952-06-01 00:00:00,27.18,27.21,-0.03,-0.07666666666666667,-0.1,neutral,neutral
1952-07-01 00:00:00,26.52,26.72,-0.2,0.003333333333333327,0.0,neutral,neutral
1952-08-01 00:00:00,26.3,26.3,-0.0,0.15333333333333332,0.2,neutral,neutral
1952-09-01 00:00:00,26.35,26.14,0.21,0.10666666666666665,0.1,neutral,neutral
1952-10-01 00:00:00,26.25,26.01,0.25,0.04666666666666666,0.0,neutral,neutral
1952-11-01 00:00:00,25.92,26.06,-0.14,0.15000000000000002,0.2,neutral,neutral
1952-12-01 00:00:00,26.21,26.18,0.03,0.4000000000000001,0.4,neutral,neutral
1953-01-01 00:00:00,26.74,26.18,0.56,0.5966666666666667,0.6,elnino,elnino
1953-02-01 00:00:00,27.0,26.39,0.61,0.6233333333333334,0.6,elnino,elnino
1953-03-01 00:00:00,27.57,26.95,0.62,0.6566666666666667,0.7,elnino,elnino
1953-04-01 00:00:00,28.03,27.39,0.64,0.75,0.8,elnino,elnino
1953-05-01 00:00:00,28.28,27.56,0.71,0.7699999999999999,0.8,elnino,elnino
1953-06-01 00:00:00,28.12,27.21,0.9,0.7433333333333333,0.7,elnino,elnino
1953-07-01 00:00:00,27.42,26.72,0.7,0.7266666666666666,0.7,elnino,elnino
1953-08-01 00:00:00,26.93,26.3,0.63,0.7799999999999999,0.8,elnino,elnino
1953-09-01 00:00:00,27.0,26.14,0.85,0.8433333333333334,0.8,elnino,elnino
1953-10-01 00:00:00,26.87,26.01,0.86,0.8366666666666666,0.8,elnino,elnino
1953-11-01 00:00:00,26.88,26.06,0.82,0.8166666666666668,0.8,elnino,elnino
1953-12-01 00:00:00,27.01,26.18,0.83,0.7566666666666667,0.8,elnino,elnino
1954-01-01 00:00:00,26.98,26.18,0.8,0.4666666666666666,0.5,elnino,elnino
1954-02-01 00:00:00,27.03,26.39,0.64,-0.04666666666666667,-0.0,neutral,neutral
1954-03-01 00:00:00,26.91,26.95,-0.04,-0.41,-0.4,neutral,neutral
1954-04-01 00:00:00,26.65,27.39,-0.74,-0.5366666666666666,-0.5,lanina,lanina
1954-05-01 00:00:00,27.11,27.56,-0.45,-0.49666666666666665,-0.5,lanina,lanina
1954-06-01 00:00:00,26.79,27.21,-0.42,-0.64,-0.6,lanina,lanina
1954-07-01 00:00:00,26.1,26.72,-0.62,-0.8433333333333334,-0.8,lanina,lanina
1954-08-01 00:00:00,25.42,26.3,-0.88,-0.8966666666666668,-0.9,lanina,lanina
1954-09-01 00:00:00,25.11,26.14,-1.03,-0.7700000000000001,-0.8,lanina,lanina
1954-10-01 00:00:00,25.22,26.01,-0.78,-0.73,-0.7,lanina,lanina
1954-11-01 00:00:00,25.56,26.06,-0.5,-0.6566666666666667,-0.7,lanina,lanina
1954-12-01 00:00:00,25.26,26.18,-0.91,-0.68,-0.7,lanina,lanina
1955-01-01 00:00:00,25.62,26.18,-0.56,-0.6166666666666666,-0.6,lanina,lanina
1955-02-01 00:00:00,25.82,26.39,-0.57,-0.6900000000000001,-0.7,lanina,lanina
1955-03-01 00:00:00,26.23,26.95,-0.72,-0.8033333333333333,-0.8,lanina,lanina
1955-04-01 00:00:00,26.61,27.39,-0.78,-0.7866666666666667,-0.8,lanina,lanina
1955-05-01 00:00:00,26.65,27.56,-0.91,-0.7200000000000001,-0.7,lanina,lanina
1955-06-01 00:00:00,26.54,27.21,-0.67,-0.6833333333333332,-0.7,lanina,lanina
1955-07-01 00:00:00,26.14,26.72,-0.58,-0.75,-0.8,lanina,lanina
1955-08-01 00:00:00,25.5,26.3,-0.8,-1.09,-1.1,lanina,lanina
1955-09-01 00:00:00,25.28,26.14,-0.87,-1.4266666666666667,-1.4,lanina,lanina
1955-10-01 00:00:00,24.41,26.01,-1.6,-1.6733333333333336,-1.7,lanina,lanina
1955-11-01 00:00:00,24.25,26.06,-1.81,-1.47,-1.5,lanina,lanina
1955-12-01 00:00:00,24.57,26.18,-1.61,-1.1133333333333333,-1.1,lanina,lanina
1956-01-01 00:00:00,25.34,26.33,-0.99,-0.7566666666666667,-0.8,lanina,lanina
1956-02-01 00:00:00,25.77,26.51,-0.74,-0.6266666666666666,-0.6,lanina,lanina
1956-03-01 00:00:00,26.47,27.01,-0.54,-0.5333333333333333,-0.5,lanina,lanina
1956-04-01 00:00:00,26.86,27.46,-0.6,-0.5133333333333333,-0.5,lanina,lanina
1956-05-01 00:00:00,27.13,27.59,-0.46,-0.5066666666666667,-0.5,lanina,lanina
1956-06-01 00:00:00,26.81,27.29,-0.48,-0.57,-0.6,lanina,lanina
1956-07-01 00:00:00,26.22,26.8,-0.58,-0.5533333333333333,-0.6,lanina,lanina
1956-08-01 00:00:00,25.67,26.32,-0.65,-0.4566666666666666,-0.5,lanina,lanina
1956-09-01 00:00:00,25.72,26.15,-0.43,-0.41999999999999993,-0.4,neutral,neutral
1956-10-01 00:00:00,25.74,26.03,-0.29,-0.4333333333333333,-0.4,neutral,neutral
1956-11-01 00:00:00,25.56,26.1,-0.54,-0.4333333333333333,-0.4,neutral,neutral
1956-12-01 00:00:00,25.71,26.18,-0.47,-0.24666666666666662,-0.2,neutral,neutral
1957-01-01 00:00:00,26.04,26.33,-0.29,0.06000000000000005,0.1,neutral,neutral
1957-02-01 00:00:00,26.54,26.51,0.02,0.4133333333333334,0.4,neutral,neutral
1957-03-01 00:00:00,27.46,27.01,0.45,0.7200000000000001,0.7,elnino,elnino
1957-04-01 00:00:00,28.23,27.46,0.77,0.92,0.9,elnino,elnino
1957-05-01 00:00:00,28.54,27.59,0.94,1.11,1.1,elnino,elnino
1957-06-01 00:00:00,28.35,27.29,1.05,1.2500000000000002,1.3,elnino,elnino
1957-07-01 00:00:00,28.15,26.8,1.34,1.3233333333333335,1.3,elnino,elnino
1957-08-01 00:00:00,27.68,26.32,1.36,1.3333333333333333,1.3,elnino,elnino
1957-09-01 00:00:00,27.42,26.15,1.27,1.3866666666666667,1.4,elnino,elnino
1957-10-01 00:00:00,27.41,26.03,1.37,1.5333333333333334,1.5,elnino,elnino
1957-11-01 00:00:00,27.62,26.1,1.52,1.736666666666667,1.7,elnino,elnino
1957-12-01 00:00:00,27.89,26.18,1.71,1.8033333333333335,1.8,elnino,elnino
1958-01-01 00:00:00,28.32,26.33,1.98,1.6533333333333333,1.7,elnino,elnino
1958-02-01 00:00:00,28.24,26.51,1.72,1.2633333333333334,1.3,elnino,elnino
1958-03-01 00:00:00,28.27,27.01,1.26,0.9266666666666667,0.9,elnino,elnino
1958-04-01 00:00:00,28.28,27.46,0.81,0.7366666666666667,0.7,elnino,elnino
1958-05-01 00:00:00,28.3,27.59,0.71,0.6366666666666667,0.6,elnino,elnino
1958-06-01 00:00:00,27.98,27.29,0.69,0.5733333333333334,0.6,elnino,elnino
1958-07-01 00:00:00,27.31,26.8,0.51,0.42666666666666675,0.4,neutral,neutral
1958-08-01 00:00:00,26.84,26.32,0.52,0.39333333333333337,0.4,neutral,neutral
1958-09-01 00:00:00,26.4,26.15,0.25,0.43666666666666676,0.4,neutral,neutral
1958-10-01 00:00:00,26.45,26.03,0.41,0.5000000000000001,0.5,elnino,elnino
1958-11-01 00:00:00,26.75,26.1,0.65,0.6100000000000001,0.6,elnino,elnino
1958-12-01 00:00:00,26.61,26.18,0.44,0.6166666666666667,0.6,elnino,elnino
1959-01-01 00:00:00,27.07,26.33,0.74,0.6233333333333334,0.6,elnino,elnino
1959-02-01 00:00:00,27.18,26.51,0.67,0.5166666666666667,0.5,elnino,elnino
1959-03-01 00:00:00,27.47,27.01,0.46,0.3266666666666667,0.3,neutral,neutral
1959-04-01 00:00:00,27.88,27.46,0.42,0.19666666666666677,0.2,neutral,neutral
1959-05-01 00:00:00,27.69,27.59,0.1,-0.06666666666666658,-0.1,neutral,neutral
1959-06-01 00:00:00,27.36,27.29,0.07,-0.1799999999999999,-0.2,neutral,neutral
1959-07-01 00:00:00,26.43,26.8,-0.37,-0.2799999999999999,-0.3,neutral,neutral
1959-08-01 00:00:00,26.09,26.32,-0.24,-0.08999999999999993,-0.1,neutral,neutral
1959-09-01 00:00:00,25.92,26.15,-0.23,-0.029999999999999926,-0.0,neutral,neutral
1959-10-01 00:00:00,26.24,26.03,0.2,0.046666666666666745,0.0,neutral,neutral
1959-11-01 00:00:00,26.04,26.1,-0.06,-0.04333333333333326,-0.0,neutral,neutral
1959-12-01 00:00:00,26.18,26.18,0.0,-0.09666666666666661,-0.1,neutral,neutral
1960-01-01 00:00:00,26.26,26.33,-0.07,-0.10333333333333326,-0.1,neutral,neutral
1960-02-01 00:00:00,26.29,26.51,-0.22,-0.06999999999999992,-0.1,neutral,neutral
1960-03-01 00:00:00,26.99,27.01,-0.02,0.030000000000000072,0.0,neutral,neutral
1960-04-01 00:00:00,27.49,27.46,0.03,0.016666666666666743,0.0,neutral,neutral
1960-05-01 00:00:00,27.68,27.59,0.08,0.03000000000000008,0.0,neutral,neutral
1960-06-01 00:00:00,27.23,27.29,-0.06,0.1233333333333334,0.1,neutral,neutral
1960-07-01 00:00:00,26.87,26.8,0.07,0.23666666666666672,0.2,neutral,neutral
1960-08-01 00:00:00,26.69,26.32,0.36,0.2733333333333334,0.3,neutral,neutral
1960-09-01 00:00:00,26.43,26.15,0.28,0.2033333333333334,0.2,neutral,neutral
1960-10-01 00:00:00,26.21,26.03,0.18,0.1233333333333334,0.1,neutral,neutral
1960-11-01 00:00:00,26.25,26.1,0.15,0.05000000000000007,0.1,neutral,neutral
1960-12-01 00:00:00,26.22,26.18,0.04,0.03333333333333341,0.0,neutral,neutral
1961-01-01 00:00:00,26.23,26.27,-0.04,0.02666666666666674,0.0,neutral,neutral
1961-02-01 00:00:00,26.56,26.45,0.1,0.04000000000000007,0.0,neutral,neutral
1961-03-01 00:00:00,26.94,26.92,0.02,0.09333333333333342,0.1,neutral,neutral
1961-04-01 00:00:00,27.37,27.37,-0.0,0.2333333333333334,0.2,neutral,neutral
1961-05-01 00:00:00,27.75,27.49,0.26,0.2700000000000001,0.3,neutral,neutral
1961-06-01 00:00:00,27.66,27.22,0.44,0.1433333333333334,0.1,neutral,neutral
1961-07-01 00:00:00,26.87,26.76,0.11,-0.12999999999999992,-0.1,neutral,neutral
1961-08-01 00:00:00,26.18,26.3,-0.12,-0.2933333333333333,-0.3,neutral,neutral
1961-09-01 00:00:00,25.78,26.16,-0.38,-0.2566666666666666,-0.3,neutral,neutral
1961-10-01 00:00:00,25.7,26.09,-0.38,-0.18333333333333326,-0.2,neutral,neutral
1961-11-01 00:00:00,26.07,26.08,-0.01,-0.1566666666666666,-0.2,neutral,neutral
1961-12-01 00:00:00,25.98,26.14,-0.16,-0.2399999999999999,-0.2,neutral,neutral
1962-01-01 00:00:00,25.96,26.27,-0.3,-0.22333333333333324,-0.2,neutral,neutral
1962-02-01 00:00:00,26.2,26.45,-0.26,-0.20333333333333325,-0.2,neutral,neutral
1962-03-01 00:00:00,26.81,26.92,-0.11,-0.26333333333333325,-0.3,neutral,neutral
1962-04-01 00:00:00,27.13,27.37,-0.24,-0.27333333333333326,-0.3,neutral,neutral
1962-05-01 00:00:00,27.05,27.49,-0.44,-0.19333333333333327,-0.2,neutral,neutral
1962-06-01 00:00:00,27.08,27.22,-0.14,-0.03999999999999993,-0.0,neutral,neutral
1962-07-01 00:00:00,26.75,26.76,-0.0,-0.06999999999999994,-0.1,neutral,neutral
1962-08-01 00:00:00,26.32,26.3,0.02,-0.10999999999999992,-0.1,neutral,neutral
1962-09-01 00:00:00,25.93,26.16,-0.23,-0.22333333333333327,-0.2,neutral,neutral
1962-10-01 00:00:00,25.96,26.09,-0.12,-0.30333333333333323,-0.3,neutral,neutral
1962-11-01 00:00:00,25.75,26.08,-0.32,-0.4299999999999999,-0.4,neutral,neutral
1962-12-01 00:00:00,25.67,26.14,-0.47,-0.3999999999999999,-0.4,neutral,neutral
1963-01-01 00:00:00,25.77,26.27,-0.5,-0.15666666666666654,-0.2,neutral,neutral
1963-02-01 00:00:00,26.23,26.45,-0.23,0.14666666666666675,0.1,neutral,neutral
1963-03-01 00:00:00,27.18,26.92,0.26,0.2700000000000001,0.3,neutral,neutral
1963-04-01 00:00:00,27.79,27.37,0.41,0.3133333333333334,0.3,neutral,neutral
1963-05-01 00:00:00,27.63,27.49,0.14,0.5166666666666667,0.5,elnino,elnino
1963-06-01 00:00:00,27.61,27.22,0.39,0.86,0.9,elnino,elnino
1963-07-01 00:00:00,27.77,26.76,1.02,1.14,1.1,elnino,elnino
1963-08-01 00:00:00,27.47,26.3,1.17,1.22,1.2,elnino,elnino
1963-09-01 00:00:00,27.39,26.16,1.23,1.2933333333333332,1.3,elnino,elnino
1963-10-01 00:00:00,27.35,26.09,1.26,1.3733333333333333,1.4,elnino,elnino
1963-11-01 00:00:00,27.46,26.08,1.39,1.3066666666666669,1.3,elnino,elnino
1963-12-01 00:00:00,27.61,26.14,1.47,1.07,1.1,elnino,elnino
1964-01-01 00:00:00,27.33,26.27,1.06,0.6133333333333334,0.6,elnino,elnino
1964-02-01 00:00:00,27.13,26.45,0.68,0.1200000000000001,0.1,neutral,neutral
1964-03-01 00:00:00,27.02,26.92,0.1,-0.3299999999999999,-0.3,neutral,neutral
1964-04-01 00:00:00,26.95,27.37,-0.42,-0.5766666666666667,-0.6,lanina,lanina
1964-05-01 00:00:00,26.82,27.49,-0.67,-0.58,-0.6,lanina,lanina
1964-06-01 00:00:00,26.58,27.22,-0.64,-0.5966666666666666,-0.6,lanina,lanina
1964-07-01 00:00:00,26.33,26.76,-0.43,-0.6633333333333332,-0.7,lanina,lanina
1964-08-01 00:00:00,25.59,26.3,-0.72,-0.7633333333333332,-0.8,lanina,lanina
1964-09-01 00:00:00,25.32,26.16,-0.84,-0.7966666666666665,-0.8,lanina,lanina
1964-10-01 00:00:00,25.36,26.09,-0.73,-0.8233333333333333,-0.8,lanina,lanina
1964-11-01 00:00:00,25.26,26.08,-0.82,-0.7833333333333332,-0.8,lanina,lanina
1964-12-01 00:00:00,25.22,26.14,-0.92,-0.5933333333333333,-0.6,lanina,lanina
1965-01-01 00:00:00,25.66,26.27,-0.61,-0.27666666666666656,-0.3,neutral,neutral
1965-02-01 00:00:00,26.2,26.45,-0.25,-0.06999999999999992,-0.1,neutral,neutral
1965-03-01 00:00:00,26.95,26.92,0.03,0.18000000000000008,0.2,neutral,neutral
1965-04-01 00:00:00,27.38,27.37,0.01,0.4566666666666667,0.5,elnino,elnino
1965-05-01 00:00:00,27.99,27.49,0.5,0.8333333333333334,0.8,elnino,elnino
1965-06-01 00:00:00,28.08,27.22,0.86,1.22,1.2,elnino,elnino
1965-07-01 00:00:00,27.89,26.76,1.14,1.5466666666666669,1.5,elnino,elnino
1965-08-01 00:00:00,27.96,26.3,1.66,1.8533333333333335,1.9,elnino,elnino
1965-09-01 00:00:00,28.0,26.16,1.84,1.9766666666666666,2.0,elnino,elnino
1965-10-01 00:00:00,28.15,26.09,2.06,1.9666666666666668,2.0,elnino,elnino
1965-11-01 00:00:00,28.11,26.08,2.03,1.7166666666666668,1.7,elnino,elnino
1965-12-01 00:00:00,27.95,26.14,1.81,1.3733333333333333,1.4,elnino,elnino
1966-01-01 00:00:00,27.66,26.36,1.31,1.1666666666666667,1.2,elnino,elnino
1966-02-01 00:00:00,27.55,26.56,1.0,0.9833333333333334,1.0,elnino,elnino
1966-03-01 00:00:00,28.21,27.02,1.19,0.6566666666666666,0.7,elnino,elnino
1966-04-01 00:00:00,28.16,27.4,0.76,0.3566666666666667,0.4,neutral,neutral
1966-05-01 00:00:00,27.55,27.53,0.02,0.24333333333333332,0.2,neutral,neutral
1966-06-01 00:00:00,27.63,27.35,0.29,0.24333333333333332,0.2,neutral,neutral
1966-07-01 00:00:00,27.32,26.9,0.42,0.12333333333333334,0.1,neutral,neutral
1966-08-01 00:00:00,26.48,26.46,0.02,-0.05333333333333334,-0.1,neutral,neutral
1966-09-01 00:00:00,26.27,26.34,-0.07,-0.09999999999999999,-0.1,neutral,neutral
1966-10-01 00:00:00,26.22,26.33,-0.11,-0.18000000000000002,-0.2,neutral,neutral
1966-11-01 00:00:00,26.23,26.35,-0.12,-0.3033333333333333,-0.3,neutral,neutral
1966-12-01 00:00:00,26.02,26.33,-0.31,-0.41,-0.4,neutral,neutral
1967-01-01 00:00:00,25.88,26.36,-0.48,-0.4766666666666666,-0.5,lanina,neutral
1967-02-01 00:00:00,26.12,26.56,-0.44,-0.5366666666666666,-0.5,lanina,neutral
1967-03-01 00:00:00,26.51,27.02,-0.51,-0.45,-0.4,neutral,neutral
1967-04-01 00:00:00,26.75,27.4,-0.66,-0.24,-0.2,neutral,neutral
1967-05-01 00:00:00,27.35,27.53,-0.18,0.0,0.0,neutral,neutral
1967-06-01 00:00:00,27.46,27.35,0.12,0.049999999999999996,0.0,neutral,neutral
1967-07-01 00:00:00,26.96,26.9,0.06,-0.15333333333333332,-0.2,neutral,neutral
1967-08-01 00:00:00,26.43,26.46,-0.03,-0.29333333333333333,-0.3,neutral,neutral
1967-09-01 00:00:00,25.85,26.34,-0.49,-0.37666666666666665,-0.4,neutral,neutral
1967-10-01 00:00:00,25.96,26.33,-0.36,-0.34,-0.3,neutral,neutral
1967-11-01 00:00:00,26.07,26.35,-0.28,-0.44,-0.4,neutral,neutral
1967-12-01 00:00:00,25.95,26.33,-0.38,-0.6333333333333333,-0.6,lanina,neutral
1968-01-01 00:00:00,25.69,26.36,-0.66,-0.7333333333333334,-0.7,lanina,neutral
1968-02-01 00:00:00,25.69,26.56,-0.86,-0.6133333333333334,-0.6,lanina,neutral
1968-03-01 00:00:00,26.34,27.02,-0.68,-0.44,-0.4,neutral,neutral
1968-04-01 00:00:00,27.1,27.4,-0.3,-0.04,-0.0,neutral,neutral
1968-05-01 00:00:00,27.19,27.53,-0.34,0.28,0.3,neutral,neutral
1968-06-01 00:00:00,27.87,27.35,0.52,0.5733333333333334,0.6,elnino,neutral
1968-07-01 00:00:00,27.57,26.9,0.66,0.5266666666666667,0.5,elnino,neutral
1968-08-01 00:00:00,27.0,26.46,0.54,0.4466666666666667,0.4,neutral,neutral
1968-09-01 00:00:00,26.72,26.34,0.38,0.5499999999999999,0.5,elnino,elnino
1968-10-01 00:00:00,26.75,26.33,0.42,0.7366666666666667,0.7,elnino,elnino
1968-11-01 00:00:00,27.2,26.35,0.85,0.9766666666666666,1.0,elnino,elnino
1968-12-01 00:00:00,27.27,26.33,0.94,1.1300000000000001,1.1,elnino,elnino
1969-01-01 00:00:00,27.5,26.36,1.14,1.0866666666666667,1.1,elnino,elnino
1969-02-01 00:00:00,27.86,26.56,1.31,0.9500000000000001,1.0,elnino,elnino
1969-03-01 00:00:00,27.83,27.02,0.81,0.7666666666666666,0.8,elnino,elnino
1969-04-01 00:00:00,28.14,27.4,0.73,0.6133333333333333,0.6,elnino,elnino
1969-05-01 00:00:00,28.29,27.53,0.76,0.43,0.4,neutral,neutral
1969-06-01 00:00:00,27.69,27.35,0.35,0.36333333333333334,0.4,neutral,neutral
1969-07-01 00:00:00,27.08,26.9,0.18,0.5166666666666667,0.5,elnino,elnino
1969-08-01 00:00:00,27.02,26.46,0.56,0.7933333333333333,0.8,elnino,elnino
1969-09-01 00:00:00,27.15,26.34,0.81,0.86,0.9,elnino,elnino
1969-10-01 00:00:00,27.34,26.33,1.01,0.81,0.8,elnino,elnino
1969-11-01 00:00:00,27.11,26.35,0.76,0.6333333333333333,0.6,elnino,elnino
1969-12-01 00:00:00,26.98,26.33,0.66,0.5166666666666667,0.5,elnino,elnino
1970-01-01 00:00:00,26.84,26.36,0.48,0.34,0.3,neutral,neutral
1970-02-01 00:00:00,26.96,26.56,0.41,0.29333333333333333,0.3,neutral,neutral
1970-03-01 00:00:00,27.15,27.02,0.13,0.19000000000000003,0.2,neutral,neutral
1970-04-01 00:00:00,27.75,27.4,0.34,0.043333333333333335,0.0,neutral,neutral
1970-05-01 00:00:00,27.63,27.53,0.1,-0.3033333333333333,-0.3,neutral,neutral
1970-06-01 00:00:00,27.03,27.35,-0.31,-0.6266666666666666,-0.6,lanina,lanina
1970-07-01 00:00:00,26.21,26.9,-0.7,-0.7566666666666667,-0.8,lanina,lanina
1970-08-01 00:00:00,25.59,26.46,-0.87,-0.7666666666666666,-0.8,lanina,lanina
1970-09-01 00:00:00,25.64,26.34,-0.7,-0.7366666666666667,-0.7,lanina,lanina
1970-10-01 00:00:00,25.59,26.33,-0.73,-0.8566666666666668,-0.9,lanina,lanina
1970-11-01 00:00:00,25.57,26.35,-0.78,-1.1466666666666667,-1.1,lanina,lanina
1970-12-01 00:00:00,25.27,26.33,-1.06,-1.36,-1.4,lanina,lanina
1971-01-01 00:00:00,24.82,26.42,-1.6,-1.3833333333333335,-1.4,lanina,lanina
1971-02-01 00:00:00,25.2,26.61,-1.42,-1.1166666666666665,-1.1,lanina,lanina
1971-03-01 00:00:00,25.93,27.06,-1.13,-0.8466666666666667,-0.8,lanina,lanina
1971-04-01 00:00:00,26.64,27.44,-0.8,-0.73,-0.7,lanina,lanina
1971-05-01 00:00:00,26.95,27.56,-0.61,-0.7366666666666667,-0.7,lanina,lanina
1971-06-01 00:00:00,26.6,27.38,-0.78,-0.7966666666666667,-0.8,lanina,lanina
1971-07-01 00:00:00,26.12,26.94,-0.82,-0.7733333333333333,-0.8,lanina,lanina
1971-08-01 00:00:00,25.74,26.54,-0.79,-0.82,-0.8,lanina,lanina
1971-09-01 00:00:00,25.71,26.42,-0.71,-0.85,-0.8,lanina,lanina
1971-10-01 00:00:00,25.47,26.43,-0.96,-0.9566666666666667,-1.0,lanina,lanina
1971-11-01 00:00:00,25.55,26.43,-0.88,-0.8966666666666668,-0.9,lanina,lanina
1971-12-01 00:00:00,25.37,26.4,-1.03,-0.7033333333333335,-0.7,lanina,lanina
1972-01-01 00:00:00,25.63,26.42,-0.78,-0.35000000000000003,-0.4,neutral,neutral
1972-02-01 00:00:00,26.31,26.61,-0.3,0.06000000000000002,0.1,neutral,neutral
1972-03-01 00:00:00,27.09,27.06,0.03,0.41,0.4,neutral,neutral
1972-04-01 00:00:00,27.9,27.44,0.45,0.6666666666666666,0.7,elnino,elnino
1972-05-01 00:00:00,28.31,27.56,0.75,0.9166666666666666,0.9,elnino,elnino
1972-06-01 00:00:00,28.18,27.38,0.8,1.1333333333333333,1.1,elnino,elnino
1972-07-01 00:00:00,28.14,26.94,1.2,1.373333333333333,1.4,elnino,elnino
1972-08-01 00:00:00,27.94,26.54,1.4,1.5833333333333333,1.6,elnino,elnino
1972-09-01 00:00:00,27.94,26.42,1.52,1.8399999999999999,1.8,elnino,elnino
1972-10-01 00:00:00,28.25,26.43,1.83,2.0933333333333333,2.1,elnino,elnino
1972-11-01 00:00:00,28.6,26.43,2.17,2.123333333333333,2.1,elnino,elnino
1972-12-01 00:00:00,28.68,26.4,2.28,1.8466666666666667,1.8,elnino,elnino
1973-01-01 00:00:00,28.33,26.42,1.92,1.25,1.2,elnino,elnino
1973-02-01 00:00:00,27.95,26.61,1.34,0.5466666666666667,0.5,elnino,elnino
1973-03-01 00:00:00,27.56,27.06,0.49,-0.09666666666666668,-0.1,neutral,neutral
1973-04-01 00:00:00,27.25,27.44,-0.19,-0.5366666666666666,-0.5,lanina,lanina
1973-05-01 00:00:00,26.97,27.56,-0.59,-0.8666666666666667,-0.9,lanina,lanina
1973-06-01 00:00:00,26.55,27.38,-0.83,-1.1066666666666667,-1.1,lanina,lanina
1973-07-01 00:00:00,25.76,26.94,-1.18,-1.2833333333333334,-1.3,lanina,lanina
1973-08-01 00:00:00,25.23,26.54,-1.31,-1.4533333333333334,-1.5,lanina,lanina
1973-09-01 00:00:00,25.06,26.42,-1.36,-1.7133333333333336,-1.7,lanina,lanina
1973-10-01 00:00:00,24.74,26.43,-1.69,-1.9466666666666665,-1.9,lanina,lanina
1973-11-01 00:00:00,24.34,26.43,-2.09,-2.0333333333333337,-2.0,lanina,lanina
1973-12-01 00:00:00,24.34,26.4,-2.06,-1.836666666666667,-1.8,lanina,lanina
1974-01-01 00:00:00,24.47,26.42,-1.95,-1.5533333333333335,-1.6,lanina,lanina
1974-02-01 00:00:00,25.11,26.61,-1.5,-1.2266666666666668,-1.2,lanina,lanina
1974-03-01 00:00:00,25.86,27.06,-1.21,-1.0300000000000002,-1.0,lanina,lanina
1974-04-01 00:00:00,26.48,27.44,-0.97,-0.9100000000000001,-0.9,lanina,lanina
1974-05-01 00:00:00,26.65,27.56,-0.91,-0.7700000000000001,-0.8,lanina,lanina
1974-06-01 00:00:00,26.53,27.38,-0.85,-0.5366666666666667,-0.5,lanina,lanina
1974-07-01 00:00:00,26.39,26.94,-0.55,-0.3700000000000001,-0.4,neutral,neutral
1974-08-01 00:00:00,26.33,26.54,-0.21,-0.4066666666666668,-0.4,neutral,neutral
1974-09-01 00:00:00,26.07,26.42,-0.35,-0.6100000000000002,-0.6,lanina,lanina
1974-10-01 00:00:00,25.77,26.43,-0.66,-0.7533333333333334,-0.8,lanina,lanina
1974-11-01 00:00:00,25.61,26.43,-0.82,-0.6400000000000001,-0.6,lanina,lanina
1974-12-01 00:00:00,25.63,26.4,-0.78,-0.5433333333333336,-0.5,lanina,lanina
1975-01-01 00:00:00,26.1,26.42,-0.32,-0.5700000000000002,-0.6,lanina,lanina
1975-02-01 00:00:00,26.08,26.61,-0.53,-0.6566666666666667,-0.7,lanina,lanina
1975-03-01 00:00:00,26.21,27.06,-0.86,-0.7333333333333334,-0.7,lanina,lanina
1975-04-01 00:00:00,26.87,27.44,-0.58,-0.8300000000000001,-0.8,lanina,lanina
1975-05-01 00:00:00,26.8,27.56,-0.76,-0.9833333333333334,-1.0,lanina,lanina
1975-06-01 00:00:00,26.23,27.38,-1.15,-1.1300000000000001,-1.1,lanina,lanina
1975-07-01 00:00:00,25.9,26.94,-1.04,-1.2033333333333334,-1.2,lanina,lanina
1975-08-01 00:00:00,25.34,26.54,-1.2,-1.37,-1.4,lanina,lanina
1975-09-01 00:00:00,25.05,26.42,-1.37,-1.43,-1.4,lanina,lanina
1975-10-01 00:00:00,24.89,26.43,-1.54,-1.55,-1.6,lanina,lanina
1975-11-01 00:00:00,25.05,26.43,-1.38,-1.6500000000000001,-1.6,lanina,lanina
1975-12-01 00:00:00,24.67,26.4,-1.73,-1.5533333333333335,-1.6,lanina,lanina
1976-01-01 00:00:00,24.54,26.39,-1.84,-1.1700000000000002,-1.2,lanina,lanina
1976-02-01 00:00:00,25.49,26.59,-1.09,-0.7333333333333334,-0.7,lanina,lanina
1976-03-01 00:00:00,26.46,27.04,-0.58,-0.4733333333333334,-0.5,lanina,lanina
1976-04-01 00:00:00,26.89,27.42,-0.53,-0.2800000000000001,-0.3,neutral,neutral
1976-05-01 00:00:00,27.2,27.51,-0.31,-0.04666666666666674,-0.0,neutral,neutral
1976-06-01 00:00:00,27.35,27.35,-0.0,0.18333333333333326,0.2,neutral,neutral
1976-07-01 00:00:00,27.12,26.95,0.17,0.3499999999999999,0.3,neutral,neutral
1976-08-01 00:00:00,26.98,26.59,0.38,0.62,0.6,elnino,elnino
1976-09-01 00:00:00,27.02,26.51,0.5,0.8099999999999999,0.8,elnino,elnino
1976-10-01 00:00:00,27.46,26.48,0.98,0.8633333333333333,0.9,elnino,elnino
1976-11-01 00:00:00,27.41,26.46,0.95,0.8466666666666667,0.8,elnino,elnino
1976-12-01 00:00:00,27.08,26.43,0.66,0.7133333333333333,0.7,elnino,elnino
1977-01-01 00:00:00,27.32,26.39,0.93,0.64,0.6,elnino,elnino
1977-02-01 00:00:00,27.13,26.59,0.55,0.3399999999999999,0.3,neutral,neutral
1977-03-01 00:00:00,27.48,27.04,0.44,0.2299999999999999,0.2,neutral,neutral
1977-04-01 00:00:00,27.45,27.42,0.03,0.21333333333333326,0.2,neutral,neutral
1977-05-01 00:00:00,27.72,27.51,0.22,0.34333333333333327,0.3,neutral,neutral
1977-06-01 00:00:00,27.74,27.35,0.39,0.3533333333333333,0.4,neutral,neutral
1977-07-01 00:00:00,27.38,26.95,0.42,0.4233333333333332,0.4,neutral,neutral
1977-08-01 00:00:00,26.84,26.59,0.25,0.57,0.6,elnino,elnino
1977-09-01 00:00:00,27.11,26.51,0.6,0.7266666666666666,0.7,elnino,elnino
1977-10-01 00:00:00,27.34,26.48,0.86,0.8133333333333331,0.8,elnino,elnino
1977-11-01 00:00:00,27.18,26.46,0.72,0.7866666666666666,0.8,elnino,elnino
1977-12-01 00:00:00,27.29,26.43,0.86,0.6866666666666665,0.7,elnino,elnino
1978-01-01 00:00:00,27.17,26.39,0.78,0.41999999999999993,0.4,neutral,neutral
1978-02-01 00:00:00,27.01,26.59,0.42,0.05999999999999989,0.1,neutral,neutral
1978-03-01 00:00:00,27.1,27.04,0.06,-0.18333333333333343,-0.2,neutral,neutral
1978-04-01 00:00:00,27.12,27.42,-0.3,-0.31333333333333346,-0.3,neutral,neutral
1978-05-01 00:00:00,27.2,27.51,-0.31,-0.2866666666666668,-0.3,neutral,neutral
1978-06-01 00:00:00,27.02,27.35,-0.33,-0.3600000000000001,-0.4,neutral,neutral
1978-07-01 00:00:00,26.74,26.95,-0.22,-0.4166666666666668,-0.4,neutral,neutral
1978-08-01 00:00:00,26.07,26.59,-0.53,-0.42000000000000015,-0.4,neutral,neutral
1978-09-01 00:00:00,26.01,26.51,-0.5,-0.2900000000000001,-0.3,neutral,neutral
1978-10-01 00:00:00,26.25,26.48,-0.23,-0.08666666666666678,-0.1,neutral,neutral
1978-11-01 00:00:00,26.32,26.46,-0.14,-1.1564823173178715e-16,-0.0,neutral,neutral
1978-12-01 00:00:00,26.54,26.43,0.11,0.03333333333333322,0.0,neutral,neutral
1979-01-01 00:00:00,26.42,26.39,0.03,0.07333333333333324,0.1,neutral,neutral
1979-02-01 00:00:00,26.54,26.59,-0.04,0.20333333333333323,0.2,neutral,neutral
1979-03-01 00:00:00,27.28,27.04,0.23,0.27999999999999986,0.3,neutral,neutral
1979-04-01 00:00:00,27.84,27.42,0.42,0.2299999999999999,0.2,neutral,neutral
1979-05-01 00:00:00,27.69,27.51,0.19,0.04666666666666656,0.0,neutral,neutral
1979-06-01 00:00:00,27.43,27.35,0.08,0.03666666666666656,0.0,neutral,neutral
1979-07-01 00:00:00,26.82,26.95,-0.13,0.1699999999999999,0.2,neutral,neutral
1979-08-01 00:00:00,26.75,26.59,0.16,0.3299999999999999,0.3,neutral,neutral
1979-09-01 00:00:00,26.99,26.51,0.48,0.4533333333333332,0.5,elnino,elnino
1979-10-01 00:00:00,26.83,26.48,0.35,0.5233333333333332,0.5,elnino,elnino
1979-11-01 00:00:00,26.99,26.46,0.53,0.6399999999999999,0.6,elnino,elnino
1979-12-01 00:00:00,27.11,26.43,0.69,0.5933333333333333,0.6,elnino,elnino
1980-01-01 00:00:00,27.09,26.39,0.7,0.45666666666666655,0.5,elnino,elnino
1980-02-01 00:00:00,26.98,26.59,0.39,0.3366666666666666,0.3,neutral,neutral
1980-03-01 00:00:00,27.32,27.04,0.28,0.37666666666666665,0.4,neutral,neutral
1980-04-01 00:00:00,27.76,27.42,0.34,0.4799999999999999,0.5,elnino,neutral
1980-05-01 00:00:00,28.02,27.51,0.51,0.4599999999999999,0.5,elnino,neutral
1980-06-01 00:00:00,27.94,27.35,0.59,0.25333333333333324,0.3,neutral,neutral
1980-07-01 00:00:00,27.23,26.95,0.28,0.03333333333333323,0.0,neutral,neutral
1980-08-01 00:00:00,26.48,26.59,-0.11,-0.06666666666666678,-0.1,neutral,neutral
1980-09-01 00:00:00,26.44,26.51,-0.07,0.016666666666666566,0.0,neutral,neutral
1980-10-01 00:00:00,26.46,26.48,-0.02,0.11333333333333323,0.1,neutral,neutral
1980-11-01 00:00:00,26.6,26.46,0.14,-0.006666666666666765,-0.0,neutral,neutral
1980-12-01 00:00:00,26.65,26.43,0.22,-0.2600000000000001,-0.3,neutral,neutral
1981-01-01 00:00:00,26.19,26.57,-0.38,-0.5033333333333335,-0.5,lanina,neutral
1981-02-01 00:00:00,26.12,26.75,-0.62,-0.47333333333333344,-0.5,lanina,neutral
1981-03-01 00:00:00,26.66,27.17,-0.51,-0.36666666666666675,-0.4,neutral,neutral
1981-04-01 00:00:00,27.3,27.59,-0.29,-0.26000000000000006,-0.3,neutral,neutral
1981-05-01 00:00:00,27.36,27.66,-0.3,-0.2866666666666668,-0.3,neutral,neutral
1981-06-01 00:00:00,27.27,27.46,-0.19,-0.29333333333333345,-0.3,neutral,neutral
1981-07-01 00:00:00,26.65,27.02,-0.37,-0.24333333333333343,-0.2,neutral,neutral
1981-08-01 00:00:00,26.32,26.64,-0.32,-0.15666666666666676,-0.2,neutral,neutral
1981-09-01 00:00:00,26.52,26.56,-0.04,-0.1266666666666668,-0.1,neutral,neutral
1981-10-01 00:00:00,26.42,26.53,-0.11,-0.1500000000000001,-0.2,neutral,neutral
1981-11-01 00:00:00,26.29,26.52,-0.23,-0.07666666666666677,-0.1,neutral,neutral
1981-12-01 00:00:00,26.4,26.51,-0.11,-0.05000000000000011,-0.1,neutral,neutral
1982-01-01 00:00:00,26.68,26.57,0.11,0.0699999999999999,0.1,neutral,neutral
1982-02-01 00:00:00,26.6,26.75,-0.15,0.18333333333333324,0.2,neutral,neutral
1982-03-01 00:00:00,27.42,27.17,0.25,0.4733333333333332,0.5,elnino,elnino
1982-04-01 00:00:00,28.03,27.59,0.45,0.6566666666666666,0.7,elnino,elnino
1982-05-01 00:00:00,28.39,27.66,0.72,0.7199999999999999,0.7,elnino,elnino
1982-06-01 00:00:00,28.26,27.46,0.8,0.79,0.8,elnino,elnino
1982-07-01 00:00:00,27.66,27.02,0.64,1.07,1.1,elnino,elnino
1982-08-01 00:00:00,27.58,26.64,0.93,1.5766666666666669,1.6,elnino,elnino
1982-09-01 00:00:00,28.2,26.56,1.64,1.9633333333333336,2.0,elnino,elnino
1982-10-01 00:00:00,28.69,26.53,2.16,2.1766666666666663,2.2,elnino,elnino
1982-11-01 00:00:00,28.61,26.52,2.09,2.23,2.2,elnino,elnino
1982-12-01 00:00:00,28.79,26.51,2.28,2.1799999999999997,2.2,elnino,elnino
1983-01-01 00:00:00,28.88,26.57,2.32,1.9166666666666667,1.9,elnino,elnino
1983-02-01 00:00:00,28.69,26.75,1.94,1.54,1.5,elnino,elnino
1983-03-01 00:00:00,28.67,27.17,1.49,1.2866666666666666,1.3,elnino,elnino
1983-04-01 00:00:00,28.77,27.59,1.19,1.0633333333333332,1.1,elnino,elnino
1983-05-01 00:00:00,28.84,27.66,1.18,0.7233333333333333,0.7,elnino,elnino
1983-06-01 00:00:00,28.28,27.46,0.82,0.31666666666666665,0.3,neutral,neutral
1983-07-01 00:00:00,27.19,27.02,0.17,-0.07666666666666666,-0.1,neutral,neutral
1983-08-01 00:00:00,26.6,26.64,-0.04,-0.4533333333333333,-0.5,lanina,lanina
1983-09-01 00:00:00,26.2,26.56,-0.36,-0.8066666666666666,-0.8,lanina,lanina
1983-10-01 00:00:00,25.57,26.53,-0.96,-1.0,-1.0,lanina,lanina
1983-11-01 00:00:00,25.42,26.52,-1.1,-0.91,-0.9,lanina,lanina
1983-12-01 00:00:00,25.58,26.51,-0.94,-0.6033333333333333,-0.6,lanina,lanina
1984-01-01 00:00:00,25.88,26.57,-0.69,-0.42,-0.4,neutral,neutral
1984-02-01 00:00:00,26.57,26.75,-0.18,-0.33666666666666667,-0.3,neutral,neutral
1984-03-01 00:00:00,26.78,27.17,-0.39,-0.43,-0.4,neutral,neutral
1984-04-01 00:00:00,27.15,27.59,-0.44,-0.51,-0.5,lanina,neutral
1984-05-01 00:00:00,27.2,27.66,-0.46,-0.44333333333333336,-0.4,neutral,neutral
1984-06-01 00:00:00,26.83,27.46,-0.63,-0.3033333333333334,-0.3,neutral,neutral
1984-07-01 00:00:00,26.78,27.02,-0.24,-0.15666666666666665,-0.2,neutral,neutral
1984-08-01 00:00:00,26.6,26.64,-0.04,-0.24,-0.2,neutral,neutral
1984-09-01 00:00:00,26.38,26.56,-0.19,-0.5599999999999999,-0.6,lanina,lanina
1984-10-01 00:00:00,26.04,26.53,-0.49,-0.9133333333333334,-0.9,lanina,lanina
1984-11-01 00:00:00,25.52,26.52,-1.0,-1.14,-1.1,lanina,lanina
1984-12-01 00:00:00,25.26,26.51,-1.25,-1.0433333333333332,-1.0,lanina,lanina
1985-01-01 00:00:00,25.39,26.57,-1.17,-0.85,-0.8,lanina,lanina
1985-02-01 00:00:00,26.04,26.75,-0.71,-0.77,-0.8,lanina,lanina
1985-03-01 00:00:00,26.5,27.17,-0.67,-0.7833333333333333,-0.8,lanina,lanina
1985-04-01 00:00:00,26.65,27.59,-0.93,-0.7766666666666667,-0.8,lanina,lanina
1985-05-01 00:00:00,26.91,27.66,-0.75,-0.6233333333333334,-0.6,lanina,lanina
1985-06-01 00:00:00,26.81,27.46,-0.65,-0.49,-0.5,lanina,lanina
1985-07-01 00:00:00,26.55,27.02,-0.47,-0.4566666666666667,-0.5,lanina,lanina
1985-08-01 00:00:00,26.29,26.64,-0.35,-0.39999999999999997,-0.4,neutral,neutral
1985-09-01 00:00:00,26.02,26.56,-0.55,-0.35000000000000003,-0.4,neutral,neutral
1985-10-01 00:00:00,26.23,26.53,-0.3,-0.2733333333333334,-0.3,neutral,neutral
1985-11-01 00:00:00,26.33,26.52,-0.2,-0.36000000000000004,-0.4,neutral,neutral
1985-12-01 00:00:00,26.19,26.51,-0.32,-0.49333333333333335,-0.5,lanina,neutral
1986-01-01 00:00:00,25.89,26.46,-0.56,-0.47333333333333333,-0.5,lanina,neutral
1986-02-01 00:00:00,26.06,26.66,-0.6,-0.3133333333333333,-0.3,neutral,neutral
1986-03-01 00:00:00,26.88,27.14,-0.26,-0.20333333333333337,-0.2,neutral,neutral
1986-04-01 00:00:00,27.49,27.58,-0.08,-0.12000000000000001,-0.1,neutral,neutral
1986-05-01 00:00:00,27.41,27.68,-0.27,-0.036666666666666674,-0.0,neutral,neutral
1986-06-01 00:00:00,27.42,27.43,-0.01,0.22333333333333336,0.2,neutral,neutral
1986-07-01 00:00:00,27.18,27.01,0.17,0.44333333333333336,0.4,neutral,neutral
1986-08-01 00:00:00,27.17,26.66,0.51,0.7133333333333334,0.7,elnino,elnino
1986-09-01 00:00:00,27.24,26.59,0.65,0.9433333333333334,0.9,elnino,elnino
1986-10-01 00:00:00,27.51,26.54,0.98,1.14,1.1,elnino,elnino
1986-11-01 00:00:00,27.7,26.5,1.2,1.22,1.2,elnino,elnino
1986-12-01 00:00:00,27.71,26.47,1.24,1.2299999999999998,1.2,elnino,elnino
1987-01-01 00:00:00,27.68,26.46,1.22,1.1933333333333334,1.2,elnino,elnino
1987-02-01 00:00:00,27.89,26.66,1.23,1.06,1.1,elnino,elnino
1987-03-01 00:00:00,28.27,27.14,1.13,0.9433333333333334,0.9,elnino,elnino
1987-04-01 00:00:00,28.4,27.58,0.82,0.9700000000000001,1.0,elnino,elnino
1987-05-01 00:00:00,28.56,27.68,0.88,1.22,1.2,elnino,elnino
1987-06-01 00:00:00,28.64,27.43,1.21,1.5133333333333334,1.5,elnino,elnino
1987-07-01 00:00:00,28.58,27.01,1.57,1.7000000000000002,1.7,elnino,elnino
1987-08-01 00:00:00,28.41,26.66,1.76,1.6500000000000001,1.6,elnino,elnino
1987-09-01 00:00:00,28.36,26.59,1.77,1.4866666666666666,1.5,elnino,elnino
1987-10-01 00:00:00,27.95,26.54,1.42,1.2533333333333332,1.3,elnino,elnino
1987-11-01 00:00:00,27.77,26.5,1.27,1.11,1.1,elnino,elnino
1987-12-01 00:00:00,27.54,26.47,1.07,0.81,0.8,elnino,elnino
1988-01-01 00:00:00,27.45,26.46,0.99,0.5366666666666666,0.5,elnino,elnino
1988-02-01 00:00:00,27.04,26.66,0.37,0.14333333333333334,0.1,neutral,neutral
1988-03-01 00:00:00,27.39,27.14,0.25,-0.3133333333333333,-0.3,neutral,neutral
1988-04-01 00:00:00,27.38,27.58,-0.19,-0.8766666666666666,-0.9,lanina,lanina
1988-05-01 00:00:00,26.68,27.68,-1.0,-1.2966666666666666,-1.3,lanina,lanina
1988-06-01 00:00:00,25.99,27.43,-1.44,-1.2933333333333332,-1.3,lanina,lanina
1988-07-01 00:00:00,25.56,27.01,-1.45,-1.1033333333333333,-1.1,lanina,lanina
1988-08-01 00:00:00,25.67,26.66,-0.99,-1.1900000000000002,-1.2,lanina,lanina
1988-09-01 00:00:00,25.72,26.59,-0.87,-1.4766666666666666,-1.5,lanina,lanina
1988-10-01 00:00:00,24.82,26.54,-1.71,-1.7966666666666669,-1.8,lanina,lanina
1988-11-01 00:00:00,24.66,26.5,-1.85,-1.8500000000000003,-1.9,lanina,lanina
1988-12-01 00:00:00,24.64,26.47,-1.83,-1.6900000000000002,-1.7,lanina,lanina
1989-01-01 00:00:00,24.59,26.46,-1.87,-1.4300000000000004,-1.4,lanina,lanina
1989-02-01 00:00:00,25.29,26.66,-1.37,-1.08,-1.1,lanina,lanina
1989-03-01 00:00:00,26.09,27.14,-1.05,-0.8266666666666668,-0.8,lanina,lanina
1989-04-01 00:00:00,26.75,27.58,-0.82,-0.5733333333333334,-0.6,lanina,lanina
1989-05-01 00:00:00,27.07,27.68,-0.61,-0.4000000000000001,-0.4,neutral,neutral
1989-06-01 00:00:00,27.14,27.43,-0.29,-0.3066666666666667,-0.3,neutral,neutral
1989-07-01 00:00:00,26.71,27.01,-0.3,-0.2700000000000001,-0.3,neutral,neutral
1989-08-01 00:00:00,26.32,26.66,-0.33,-0.2433333333333334,-0.2,neutral,neutral
1989-09-01 00:00:00,26.41,26.59,-0.18,-0.2166666666666667,-0.2,neutral,neutral
1989-10-01 00:00:00,26.32,26.54,-0.22,-0.16000000000000006,-0.2,neutral,neutral
1989-11-01 00:00:00,26.25,26.5,-0.25,-0.05000000000000007,-0.1,neutral,neutral
1989-12-01 00:00:00,26.46,26.47,-0.01,0.1366666666666666,0.1,neutral,neutral
1990-01-01 00:00:00,26.56,26.46,0.11,0.20666666666666658,0.2,neutral,neutral
1990-02-01 00:00:00,26.98,26.66,0.31,0.27999999999999997,0.3,neutral,neutral
1990-03-01 00:00:00,27.34,27.14,0.2,0.2899999999999999,0.3,neutral,neutral
1990-04-01 00:00:00,27.9,27.58,0.33,0.2933333333333332,0.3,neutral,neutral
1990-05-01 00:00:00,28.02,27.68,0.34,0.3066666666666666,0.3,neutral,neutral
1990-06-01 00:00:00,27.65,27.43,0.21,0.3333333333333332,0.3,neutral,neutral
1990-07-01 00:00:00,27.38,27.01,0.37,0.3799999999999999,0.4,neutral,neutral
1990-08-01 00:00:00,27.07,26.66,0.42,0.3899999999999999,0.4,neutral,neutral
1990-09-01 00:00:00,26.94,26.59,0.35,0.3533333333333332,0.4,neutral,neutral
1990-10-01 00:00:00,26.93,26.54,0.4,0.3966666666666665,0.4,neutral,neutral
1990-11-01 00:00:00,26.81,26.5,0.31,0.4133333333333333,0.4,neutral,neutral
1990-12-01 00:00:00,26.96,26.47,0.48,0.40666666666666657,0.4,neutral,neutral
1991-01-01 00:00:00,27.04,26.59,0.45,0.26333333333333325,0.3,neutral,neutral
1991-02-01 00:00:00,27.08,26.79,0.29,0.2199999999999999,0.2,neutral,neutral
1991-03-01 00:00:00,27.33,27.28,0.05,0.25666666666666654,0.3,neutral,neutral
1991-04-01 00:00:00,28.02,27.7,0.32,0.45666666666666655,0.5,elnino,elnino
1991-05-01 00:00:00,28.2,27.8,0.4,0.6366666666666666,0.6,elnino,elnino
1991-06-01 00:00:00,28.25,27.6,0.65,0.7333333333333333,0.7,elnino,elnino
1991-07-01 00:00:00,28.05,27.19,0.86,0.6366666666666666,0.6,elnino,elnino
1991-08-01 00:00:00,27.53,26.84,0.69,0.6233333333333332,0.6,elnino,elnino
1991-09-01 00:00:00,27.14,26.78,0.36,0.7899999999999999,0.8,elnino,elnino
1991-10-01 00:00:00,27.58,26.76,0.82,1.21,1.2,elnino,elnino
1991-11-01 00:00:00,27.89,26.7,1.19,1.53,1.5,elnino,elnino
1991-12-01 00:00:00,28.28,26.66,1.62,1.7133333333333336,1.7,elnino,elnino
1992-01-01 00:00:00,28.37,26.59,1.78,1.6333333333333335,1.6,elnino,elnino
1992-02-01 00:00:00,28.53,26.79,1.74,1.4799999999999998,1.5,elnino,elnino
1992-03-01 00:00:00,28.66,27.28,1.38,1.2866666666666664,1.3,elnino,elnino
1992-04-01 00:00:00,29.02,27.7,1.32,1.0599999999999998,1.1,elnino,elnino
1992-05-01 00:00:00,28.97,27.8,1.16,0.7299999999999999,0.7,elnino,elnino
1992-06-01 00:00:00,28.3,27.6,0.7,0.36666666666666653,0.4,neutral,neutral
1992-07-01 00:00:00,27.51,27.19,0.33,0.08999999999999993,0.1,neutral,neutral
1992-08-01 00:00:00,26.91,26.84,0.07,-0.13333333333333341,-0.1,neutral,neutral
1992-09-01 00:00:00,26.66,26.78,-0.13,-0.25000000000000006,-0.3,neutral,neutral
1992-10-01 00:00:00,26.42,26.76,-0.34,-0.2766666666666668,-0.3,neutral,neutral
1992-11-01 00:00:00,26.42,26.7,-0.28,-0.1300000000000001,-0.1,neutral,neutral
1992-12-01 00:00:00,26.45,26.66,-0.21,0.08999999999999993,0.1,neutral,neutral
1993-01-01 00:00:00,26.7,26.59,0.1,0.2933333333333333,0.3,neutral,neutral
1993-02-01 00:00:00,27.17,26.79,0.38,0.4966666666666666,0.5,elnino,neutral
1993-03-01 00:00:00,27.68,27.28,0.4,0.6733333333333333,0.7,elnino,neutral
1993-04-01 00:00:00,28.41,27.7,0.71,0.6999999999999998,0.7,elnino,neutral
1993-05-01 00:00:00,28.71,27.8,0.91,0.5733333333333333,0.6,elnino,neutral
1993-06-01 00:00:00,28.08,27.6,0.48,0.3199999999999999,0.3,neutral,neutral
1993-07-01 00:00:00,27.52,27.19,0.33,0.2566666666666666,0.3,neutral,neutral
1993-08-01 00:00:00,26.99,26.84,0.15,0.15333333333333327,0.2,neutral,neutral
1993-09-01 00:00:00,27.07,26.78,0.29,0.10666666666666662,0.1,neutral,neutral
1993-10-01 00:00:00,26.78,26.76,0.02,0.04333333333333326,0.0,neutral,neutral
1993-11-01 00:00:00,26.71,26.7,0.01,0.05666666666666659,0.1,neutral,neutral
1993-12-01 00:00:00,26.76,26.66,0.1,0.06333333333333326,0.1,neutral,neutral
1994-01-01 00:00:00,26.65,26.59,0.06,0.0666666666666666,0.1,neutral,neutral
1994-02-01 00:00:00,26.82,26.79,0.03,0.17333333333333326,0.2,neutral,neutral
1994-03-01 00:00:00,27.39,27.28,0.11,0.3066666666666666,0.3,neutral,neutral
1994-04-01 00:00:00,28.08,27.7,0.38,0.4166666666666666,0.4,neutral,neutral
1994-05-01 00:00:00,28.24,27.8,0.43,0.40666666666666657,0.4,neutral,neutral
1994-06-01 00:00:00,28.04,27.6,0.44,0.4433333333333333,0.4,neutral,neutral
1994-07-01 00:00:00,27.54,27.19,0.35,0.4333333333333333,0.4,neutral,neutral
1994-08-01 00:00:00,27.38,26.84,0.54,0.5533333333333332,0.6,elnino,elnino
1994-09-01 00:00:00,27.19,26.78,0.41,0.7433333333333333,0.7,elnino,elnino
1994-10-01 00:00:00,27.47,26.76,0.71,1.0033333333333332,1.0,elnino,elnino
1994-11-01 00:00:00,27.81,26.7,1.11,1.0933333333333335,1.1,elnino,elnino
1994-12-01 00:00:00,27.85,26.66,1.19,0.96,1.0,elnino,elnino
1995-01-01 00:00:00,27.57,26.59,0.98,0.7233333333333333,0.7,elnino,elnino
1995-02-01 00:00:00,27.49,26.79,0.71,0.5333333333333333,0.5,elnino,elnino
1995-03-01 00:00:00,27.76,27.28,0.48,0.3033333333333333,0.3,neutral,neutral
1995-04-01 00:00:00,28.11,27.7,0.41,0.13999999999999999,0.1,neutral,neutral
1995-05-01 00:00:00,27.83,27.8,0.02,-0.03333333333333333,-0.0,neutral,neutral
1995-06-01 00:00:00,27.59,27.6,-0.01,-0.24333333333333332,-0.2,neutral,neutral
1995-07-01 00:00:00,27.08,27.19,-0.11,-0.54,-0.5,lanina,lanina
1995-08-01 00:00:00,26.23,26.84,-0.61,-0.8099999999999999,-0.8,lanina,lanina
1995-09-01 00:00:00,25.88,26.78,-0.9,-0.9733333333333333,-1.0,lanina,lanina
1995-10-01 00:00:00,25.84,26.76,-0.92,-1.0066666666666668,-1.0,lanina,lanina
1995-11-01 00:00:00,25.61,26.7,-1.1,-0.9866666666666668,-1.0,lanina,lanina
1995-12-01 00:00:00,25.66,26.66,-1.0,-0.9033333333333333,-0.9,lanina,lanina
1996-01-01 00:00:00,25.7,26.56,-0.86,-0.7566666666666667,-0.8,lanina,lanina
1996-02-01 00:00:00,25.91,26.75,-0.85,-0.59,-0.6,lanina,lanina
1996-03-01 00:00:00,26.69,27.24,-0.56,-0.39333333333333337,-0.4,neutral,neutral
1996-04-01 00:00:00,27.36,27.72,-0.36,-0.30666666666666664,-0.3,neutral,neutral
1996-05-01 00:00:00,27.55,27.81,-0.26,-0.29333333333333333,-0.3,neutral,neutral
1996-06-01 00:00:00,27.29,27.59,-0.3,-0.2733333333333334,-0.3,neutral,neutral
1996-07-01 00:00:00,26.85,27.18,-0.32,-0.3233333333333333,-0.3,neutral,neutral
1996-08-01 00:00:00,26.64,26.83,-0.2,-0.35000000000000003,-0.4,neutral,neutral
1996-09-01 00:00:00,26.27,26.73,-0.45,-0.3966666666666667,-0.4,neutral,neutral
1996-10-01 00:00:00,26.27,26.67,-0.4,-0.45,-0.4,neutral,neutral
1996-11-01 00:00:00,26.29,26.63,-0.34,-0.49666666666666665,-0.5,lanina,neutral
1996-12-01 00:00:00,25.96,26.56,-0.61,-0.5033333333333333,-0.5,lanina,neutral
1997-01-01 00:00:00,26.02,26.56,-0.54,-0.3666666666666667,-0.4,neutral,neutral
1997-02-01 00:00:00,26.39,26.75,-0.36,-0.09666666666666666,-0.1,neutral,neutral
1997-03-01 00:00:00,27.05,27.24,-0.2,0.27666666666666667,0.3,neutral,neutral
1997-04-01 00:00:00,27.99,27.72,0.27,0.75,0.8,elnino,elnino
1997-05-01 00:00:00,28.58,27.81,0.76,1.2166666666666666,1.2,elnino,elnino
1997-06-01 00:00:00,28.81,27.59,1.22,1.5999999999999999,1.6,elnino,elnino
1997-07-01 00:00:00,28.85,27.18,1.67,1.9000000000000001,1.9,elnino,elnino
1997-08-01 00:00:00,28.74,26.83,1.91,2.143333333333333,2.1,elnino,elnino
1997-09-01 00:00:00,28.84,26.73,2.12,2.3333333333333335,2.3,elnino,elnino
1997-10-01 00:00:00,29.07,26.67,2.4,2.4,2.4,elnino,elnino
1997-11-01 00:00:00,29.11,26.63,2.48,2.39,2.4,elnino,elnino
1997-12-01 00:00:00,28.89,26.56,2.32,2.2399999999999998,2.2,elnino,elnino
1998-01-01 00:00:00,28.93,26.56,2.37,1.9266666666666667,1.9,elnino,elnino
1998-02-01 00:00:00,28.79,26.75,2.03,1.4366666666666665,1.4,elnino,elnino
1998-03-01 00:00:00,28.63,27.24,1.38,0.9933333333333333,1.0,elnino,elnino
1998-04-01 00:00:00,28.61,27.72,0.9,0.4533333333333333,0.5,elnino,elnino
1998-05-01 00:00:00,28.52,27.81,0.7,-0.13333333333333333,-0.1,neutral,neutral
1998-06-01 00:00:00,27.35,27.59,-0.24,-0.7833333333333333,-0.8,lanina,lanina
1998-07-01 00:00:00,26.32,27.18,-0.86,-1.1233333333333333,-1.1,lanina,lanina
1998-08-01 00:00:00,25.59,26.83,-1.25,-1.3066666666666666,-1.3,lanina,lanina
1998-09-01 00:00:00,25.47,26.73,-1.26,-1.3499999999999999,-1.3,lanina,lanina
1998-10-01 00:00:00,25.26,26.67,-1.41,-1.4766666666666666,-1.5,lanina,lanina
1998-11-01 00:00:00,25.25,26.63,-1.38,-1.57,-1.6,lanina,lanina
1998-12-01 00:00:00,24.92,26.56,-1.64,-1.5466666666666666,-1.5,lanina,lanina
1999-01-01 00:00:00,24.87,26.56,-1.69,-1.3,-1.3,lanina,lanina
1999-02-01 00:00:00,25.44,26.75,-1.31,-1.07,-1.1,lanina,lanina
1999-03-01 00:00:00,26.34,27.24,-0.9,-0.9733333333333333,-1.0,lanina,lanina
1999-04-01 00:00:00,26.71,27.72,-1.0,-1.0233333333333334,-1.0,lanina,lanina
1999-05-01 00:00:00,26.79,27.81,-1.02,-1.04,-1.0,lanina,lanina
1999-06-01 00:00:00,26.54,27.59,-1.05,-1.0966666666666667,-1.1,lanina,lanina
1999-07-01 00:00:00,26.13,27.18,-1.05,-1.11,-1.1,lanina,lanina
1999-08-01 00:00:00,25.64,26.83,-1.19,-1.1566666666666667,-1.2,lanina,lanina
1999-09-01 00:00:00,25.63,26.73,-1.09,-1.26,-1.3,lanina,lanina
1999-10-01 00:00:00,25.48,26.67,-1.19,-1.4633333333333336,-1.5,lanina,lanina
1999-11-01 00:00:00,25.13,26.63,-1.5,-1.6566666666666665,-1.7,lanina,lanina
1999-12-01 00:00:00,24.87,26.56,-1.7,-1.6666666666666667,-1.7,lanina,lanina
2000-01-01 00:00:00,24.79,26.56,-1.77,-1.4100000000000001,-1.4,lanina,lanina
2000-02-01 00:00:00,25.23,26.75,-1.53,-1.07,-1.1,lanina,lanina
2000-03-01 00:00:00,26.31,27.24,-0.93,-0.8066666666666668,-0.8,lanina,lanina
2000-04-01 00:00:00,26.96,27.72,-0.75,-0.71,-0.7,lanina,lanina
2000-05-01 00:00:00,27.08,27.81,-0.74,-0.6433333333333334,-0.6,lanina,lanina
2000-06-01 00:00:00,26.95,27.59,-0.64,-0.5533333333333335,-0.6,lanina,lanina
2000-07-01 00:00:00,26.63,27.18,-0.55,-0.5133333333333334,-0.5,lanina,lanina
2000-08-01 00:00:00,26.37,26.83,-0.47,-0.5466666666666667,-0.5,lanina,lanina
2000-09-01 00:00:00,26.2,26.73,-0.52,-0.6266666666666668,-0.6,lanina,lanina
2000-10-01 00:00:00,26.02,26.67,-0.65,-0.7466666666666667,-0.7,lanina,lanina
2000-11-01 00:00:00,25.92,26.63,-0.71,-0.7400000000000001,-0.7,lanina,lanina
2000-12-01 00:00:00,25.69,26.56,-0.88,-0.6800000000000002,-0.7,lanina,lanina
2001-01-01 00:00:00,25.82,26.45,-0.63,-0.5166666666666667,-0.5,lanina,lanina
2001-02-01 00:00:00,26.14,26.66,-0.53,-0.43666666666666676,-0.4,neutral,neutral
2001-03-01 00:00:00,26.82,27.21,-0.39,-0.3400000000000001,-0.3,neutral,neutral
2001-04-01 00:00:00,27.34,27.73,-0.39,-0.24666666666666673,-0.2,neutral,neutral
2001-05-01 00:00:00,27.6,27.85,-0.24,-0.12000000000000006,-0.1,neutral,neutral
2001-06-01 00:00:00,27.54,27.65,-0.11,-0.0733333333333334,-0.1,neutral,neutral
2001-07-01 00:00:00,27.25,27.26,-0.01,-0.1300000000000001,-0.1,neutral,neutral
2001-08-01 00:00:00,26.8,26.91,-0.1,-0.18666666666666676,-0.2,neutral,neutral
2001-09-01 00:00:00,26.52,26.8,-0.28,-0.2900000000000001,-0.3,neutral,neutral
2001-10-01 00:00:00,26.57,26.75,-0.18,-0.3500000000000001,-0.4,neutral,neutral
2001-11-01 00:00:00,26.34,26.75,-0.41,-0.30666666666666675,-0.3,neutral,neutral
2001-12-01 00:00:00,26.2,26.65,-0.46,-0.15000000000000008,-0.2,neutral,neutral
2002-01-01 00:00:00,26.4,26.45,-0.05,0.03333333333333326,0.0,neutral,neutral
2002-02-01 00:00:00,26.72,26.66,0.06,0.08999999999999993,0.1,neutral,neutral
2002-03-01 00:00:00,27.3,27.21,0.09,0.20333333333333328,0.2,neutral,neutral
2002-04-01 00:00:00,27.85,27.73,0.12,0.4366666666666667,0.4,neutral,neutral
2002-05-01 00:00:00,28.24,27.85,0.4,0.6533333333333333,0.7,elnino,elnino
2002-06-01 00:00:00,28.44,27.65,0.79,0.79,0.8,elnino,elnino
2002-07-01 00:00:00,28.03,27.26,0.77,0.8633333333333333,0.9,elnino,elnino
2002-08-01 00:00:00,27.72,26.91,0.81,1.0066666666666666,1.0,elnino,elnino
2002-09-01 00:00:00,27.81,26.8,1.01,1.2066666666666666,1.2,elnino,elnino
2002-10-01 00:00:00,27.96,26.75,1.2,1.3066666666666664,1.3,elnino,elnino
2002-11-01 00:00:00,28.16,26.75,1.41,1.14,1.1,elnino,elnino
2002-12-01 00:00:00,27.97,26.65,1.31,0.9166666666666665,0.9,elnino,elnino
2003-01-01 00:00:00,27.16,26.45,0.7,0.6299999999999999,0.6,elnino,elnino
2003-02-01 00:00:00,27.4,26.66,0.74,0.3799999999999999,0.4,neutral,neutral
2003-03-01 00:00:00,27.66,27.21,0.45,-0.04000000000000007,-0.0,neutral,neutral
2003-04-01 00:00:00,27.69,27.73,-0.05,-0.26000000000000006,-0.3,neutral,neutral
2003-05-01 00:00:00,27.32,27.85,-0.52,-0.1633333333333334,-0.2,neutral,neutral
2003-06-01 00:00:00,27.44,27.65,-0.21,0.07666666666666659,0.1,neutral,neutral
2003-07-01 00:00:00,27.5,27.26,0.24,0.20999999999999994,0.2,neutral,neutral
2003-08-01 00:00:00,27.11,26.91,0.2,0.2566666666666666,0.3,neutral,neutral
2003-09-01 00:00:00,26.98,26.8,0.19,0.2866666666666666,0.3,neutral,neutral
2003-10-01 00:00:00,27.14,26.75,0.38,0.3499999999999999,0.3,neutral,neutral
2003-11-01 00:00:00,27.04,26.75,0.29,0.3499999999999999,0.3,neutral,neutral
2003-12-01 00:00:00,27.04,26.65,0.38,0.36666666666666653,0.4,neutral,neutral
2004-01-01 00:00:00,26.83,26.45,0.38,0.30999999999999994,0.3,neutral,neutral
2004-02-01 00:00:00,27.0,26.66,0.34,0.2366666666666666,0.2,neutral,neutral
2004-03-01 00:00:00,27.41,27.21,0.21,0.16999999999999993,0.2,neutral,neutral
2004-04-01 00:00:00,27.89,27.73,0.16,0.1666666666666666,0.2,neutral,neutral
2004-05-01 00:00:00,27.99,27.85,0.14,0.28333333333333327,0.3,neutral,neutral
2004-06-01 00:00:00,27.85,27.65,0.2,0.4699999999999999,0.5,elnino,elnino
2004-07-01 00:00:00,27.77,27.26,0.51,0.6433333333333332,0.6,elnino,elnino
2004-08-01 00:00:00,27.6,26.91,0.7,0.6999999999999998,0.7,elnino,elnino
2004-09-01 00:00:00,27.52,26.8,0.72,0.6699999999999999,0.7,elnino,elnino
2004-10-01 00:00:00,27.44,26.75,0.68,0.66,0.7,elnino,elnino
2004-11-01 00:00:00,27.36,26.75,0.61,0.6866666666666665,0.7,elnino,elnino
2004-12-01 00:00:00,27.34,26.65,0.69,0.6366666666666666,0.6,elnino,elnino
2005-01-01 00:00:00,27.21,26.45,0.76,0.5833333333333334,0.6,elnino,elnino
2005-02-01 00:00:00,27.12,26.66,0.46,0.4466666666666666,0.4,neutral,neutral
2005-03-01 00:00:00,27.74,27.21,0.53,0.42333333333333334,0.4,neutral,neutral
2005-04-01 00:00:00,28.09,27.73,0.35,0.2866666666666667,0.3,neutral,neutral
2005-05-01 00:00:00,28.24,27.85,0.39,0.10666666666666667,0.1,neutral,neutral
2005-06-01 00:00:00,27.77,27.65,0.12,-0.05666666666666667,-0.1,neutral,neutral
2005-07-01 00:00:00,27.07,27.26,-0.19,-0.13333333333333333,-0.1,neutral,neutral
2005-08-01 00:00:00,26.8,26.91,-0.1,-0.10333333333333333,-0.1,neutral,neutral
2005-09-01 00:00:00,26.68,26.8,-0.11,-0.2833333333333333,-0.3,neutral,neutral
2005-10-01 00:00:00,26.65,26.75,-0.1,-0.57,-0.6,lanina,lanina
2005-11-01 00:00:00,26.11,26.75,-0.64,-0.84,-0.8,lanina,lanina
2005-12-01 00:00:00,25.68,26.65,-0.97,-0.85,-0.8,lanina,lanina
2006-01-01 00:00:00,25.64,26.55,-0.91,-0.7633333333333333,-0.8,lanina,lanina
2006-02-01 00:00:00,26.09,26.76,-0.67,-0.5666666666666667,-0.6,lanina,lanina
2006-03-01 00:00:00,26.58,27.29,-0.71,-0.3733333333333333,-0.4,neutral,neutral
2006-04-01 00:00:00,27.51,27.83,-0.32,-0.1366666666666667,-0.1,neutral,neutral
2006-05-01 00:00:00,27.85,27.94,-0.09,-0.02666666666666667,-0.0,neutral,neutral
2006-06-01 00:00:00,27.73,27.73,0.0,0.10666666666666667,0.1,neutral,neutral
2006-07-01 00:00:00,27.3,27.29,0.01,0.30666666666666664,0.3,neutral,neutral
2006-08-01 00:00:00,27.16,26.86,0.31,0.5366666666666666,0.5,elnino,elnino
2006-09-01 00:00:00,27.32,26.72,0.6,0.7633333333333333,0.8,elnino,elnino
2006-10-01 00:00:00,27.42,26.72,0.7,0.9433333333333334,0.9,elnino,elnino
2006-11-01 00:00:00,27.7,26.7,0.99,0.9433333333333332,0.9,elnino,elnino
2006-12-01 00:00:00,27.74,26.6,1.14,0.6566666666666666,0.7,elnino,elnino
2007-01-01 00:00:00,27.25,26.55,0.7,0.21666666666666665,0.2,neutral,neutral
2007-02-01 00:00:00,26.9,26.76,0.13,-0.12,-0.1,neutral,neutral
2007-03-01 00:00:00,27.12,27.29,-0.18,-0.32,-0.3,neutral,neutral
2007-04-01 00:00:00,27.51,27.83,-0.31,-0.38000000000000006,-0.4,neutral,neutral
2007-05-01 00:00:00,27.46,27.94,-0.47,-0.47333333333333333,-0.5,lanina,lanina
2007-06-01 00:00:00,27.37,27.73,-0.36,-0.5566666666666666,-0.6,lanina,lanina
2007-07-01 00:00:00,26.7,27.29,-0.59,-0.8066666666666666,-0.8,lanina,lanina
2007-08-01 00:00:00,26.13,26.86,-0.72,-1.0733333333333333,-1.1,lanina,lanina
2007-09-01 00:00:00,25.61,26.72,-1.11,-1.3433333333333335,-1.3,lanina,lanina
2007-10-01 00:00:00,25.33,26.72,-1.39,-1.5,-1.5,lanina,lanina
2007-11-01 00:00:00,25.17,26.7,-1.53,-1.5966666666666667,-1.6,lanina,lanina
2007-12-01 00:00:00,25.02,26.6,-1.58,-1.64,-1.6,lanina,lanina
2008-01-01 00:00:00,24.87,26.55,-1.68,-1.5166666666666666,-1.5,lanina,lanina
2008-02-01 00:00:00,25.1,26.76,-1.66,-1.2866666666666668,-1.3,lanina,lanina
2008-03-01 00:00:00,26.09,27.29,-1.21,-1.0133333333333334,-1.0,lanina,lanina
2008-04-01 00:00:00,26.84,27.83,-0.99,-0.8366666666666666,-0.8,lanina,lanina
2008-05-01 00:00:00,27.09,27.94,-0.84,-0.6066666666666667,-0.6,lanina,lanina
2008-06-01 00:00:00,27.04,27.73,-0.68,-0.37000000000000005,-0.4,neutral,neutral
2008-07-01 00:00:00,26.99,27.29,-0.3,-0.22666666666666666,-0.2,neutral,neutral
2008-08-01 00:00:00,26.72,26.86,-0.13,-0.24333333333333332,-0.2,neutral,neutral
2008-09-01 00:00:00,26.47,26.72,-0.25,-0.35333333333333333,-0.4,neutral,neutral
2008-10-01 00:00:00,26.37,26.72,-0.35,-0.5566666666666666,-0.6,lanina,lanina
2008-11-01 00:00:00,26.25,26.7,-0.46,-0.7366666666666667,-0.7,lanina,lanina
2008-12-01 00:00:00,25.74,26.6,-0.86,-0.8466666666666667,-0.8,lanina,lanina
2009-01-01 00:00:00,25.67,26.55,-0.89,-0.7933333333333333,-0.8,lanina,lanina
2009-02-01 00:00:00,25.97,26.76,-0.79,-0.6133333333333333,-0.6,lanina,lanina
2009-03-01 00:00:00,26.6,27.29,-0.7,-0.3299999999999999,-0.3,neutral,neutral
2009-04-01 00:00:00,27.48,27.83,-0.35,0.006666666666666672,0.0,neutral,neutral
2009-05-01 00:00:00,27.99,27.94,0.06,0.2833333333333333,0.3,neutral,neutral
2009-06-01 00:00:00,28.04,27.73,0.31,0.45,0.4,neutral,neutral
2009-07-01 00:00:00,27.77,27.29,0.48,0.5733333333333334,0.6,elnino,elnino
2009-08-01 00:00:00,27.42,26.86,0.56,0.71,0.7,elnino,elnino
2009-09-01 00:00:00,27.4,26.72,0.68,1.0066666666666666,1.0,elnino,elnino
2009-10-01 00:00:00,27.61,26.72,0.89,1.3566666666666667,1.4,elnino,elnino
2009-11-01 00:00:00,28.15,26.7,1.45,1.5633333333333335,1.6,elnino,elnino
2009-12-01 00:00:00,28.33,26.6,1.73,1.4966666666666668,1.5,elnino,elnino
2010-01-01 00:00:00,28.06,26.55,1.51,1.22,1.2,elnino,elnino
2010-02-01 00:00:00,28.01,26.76,1.25,0.8433333333333334,0.8,elnino,elnino
2010-03-01 00:00:00,28.19,27.29,0.9,0.35333333333333333,0.4,neutral,neutral
2010-04-01 00:00:00,28.21,27.83,0.38,-0.17666666666666664,-0.2,neutral,neutral
2010-05-01 00:00:00,27.72,27.94,-0.22,-0.66,-0.7,lanina,lanina
2010-06-01 00:00:00,27.04,27.73,-0.69,-1.0466666666666666,-1.0,lanina,lanina
2010-07-01 00:00:00,26.22,27.29,-1.07,-1.3466666666666667,-1.3,lanina,lanina
2010-08-01 00:00:00,25.47,26.86,-1.38,-1.5533333333333335,-1.6,lanina,lanina
2010-09-01 00:00:00,25.12,26.72,-1.59,-1.64,-1.6,lanina,lanina
2010-10-01 00:00:00,25.03,26.72,-1.69,-1.6433333333333333,-1.6,lanina,lanina
2010-11-01 00:00:00,25.06,26.7,-1.64,-1.5366666666666668,-1.5,lanina,lanina
2010-12-01 00:00:00,25.0,26.6,-1.6,-1.3066666666666669,-1.3,lanina,lanina
2011-01-01 00:00:00,25.01,26.38,-1.37,-1.0433333333333334,-1.0,lanina,lanina
2011-02-01 00:00:00,25.66,26.61,-0.95,-0.7999999999999999,-0.8,lanina,lanina
2011-03-01 00:00:00,26.38,27.19,-0.81,-0.62,-0.6,lanina,lanina
2011-04-01 00:00:00,27.07,27.71,-0.64,-0.4566666666666667,-0.5,lanina,lanina
2011-05-01 00:00:00,27.41,27.83,-0.41,-0.36999999999999994,-0.4,neutral,neutral
2011-06-01 00:00:00,27.35,27.67,-0.32,-0.43333333333333335,-0.4,neutral,neutral
2011-07-01 00:00:00,26.87,27.25,-0.38,-0.58,-0.6,lanina,lanina
2011-08-01 00:00:00,26.21,26.81,-0.6,-0.7866666666666666,-0.8,lanina,lanina
2011-09-01 00:00:00,25.92,26.68,-0.76,-0.96,-1.0,lanina,lanina
2011-10-01 00:00:00,25.67,26.67,-1.0,-1.0233333333333334,-1.0,lanina,lanina
2011-11-01 00:00:00,25.52,26.65,-1.12,-0.9233333333333335,-0.9,lanina,lanina
2011-12-01 00:00:00,25.55,26.5,-0.95,-0.7233333333333333,-0.7,lanina,lanina
2012-01-01 00:00:00,25.68,26.38,-0.7,-0.5733333333333334,-0.6,lanina,lanina
2012-02-01 00:00:00,26.1,26.61,-0.52,-0.4633333333333334,-0.5,lanina,lanina
2012-03-01 00:00:00,26.69,27.19,-0.5,-0.36000000000000004,-0.4,neutral,neutral
2012-04-01 00:00:00,27.33,27.71,-0.37,-0.16666666666666666,-0.2,neutral,neutral
2012-05-01 00:00:00,27.62,27.83,-0.21,0.056666666666666664,0.1,neutral,neutral
2012-06-01 00:00:00,27.75,27.67,0.08,0.2966666666666667,0.3,neutral,neutral
2012-07-01 00:00:00,27.54,27.25,0.3,0.41,0.4,neutral,neutral
2012-08-01 00:00:00,27.32,26.81,0.51,0.41333333333333333,0.4,neutral,neutral
2012-09-01 00:00:00,27.1,26.68,0.42,0.3133333333333333,0.3,neutral,neutral
2012-10-01 00:00:00,26.98,26.67,0.31,0.12333333333333335,0.1,neutral,neutral
2012-11-01 00:00:00,26.86,26.65,0.21,-0.09999999999999999,-0.1,neutral,neutral
2012-12-01 00:00:00,26.35,26.5,-0.15,-0.29,-0.3,neutral,neutral
2013-01-01 00:00:00,26.02,26.38,-0.36,-0.29,-0.3,neutral,neutral
2013-02-01 00:00:00,26.25,26.61,-0.36,-0.21333333333333335,-0.2,neutral,neutral
2013-03-01 00:00:00,27.04,27.19,-0.15,-0.18999999999999997,-0.2,neutral,neutral
2013-04-01 00:00:00,27.58,27.71,-0.13,-0.2633333333333333,-0.3,neutral,neutral
2013-05-01 00:00:00,27.53,27.83,-0.29,-0.3333333333333333,-0.3,neutral,neutral
2013-06-01 00:00:00,27.3,27.67,-0.37,-0.35000000000000003,-0.4,neutral,neutral
2013-07-01 00:00:00,26.9,27.25,-0.34,-0.27666666666666667,-0.3,neutral,neutral
2013-08-01 00:00:00,26.47,26.81,-0.34,-0.21333333333333335,-0.2,neutral,neutral
2013-09-01 00:00:00,26.53,26.68,-0.15,-0.13,-0.1,neutral,neutral
2013-10-01 00:00:00,26.52,26.67,-0.15,-0.09999999999999999,-0.1,neutral,neutral
2013-11-01 00:00:00,26.56,26.65,-0.09,-0.15666666666666665,-0.2,neutral,neutral
2013-12-01 00:00:00,26.43,26.5,-0.06,-0.28,-0.3,neutral,neutral
2014-01-01 00:00:00,26.06,26.38,-0.32,-0.3166666666666667,-0.3,neutral,neutral
2014-02-01 00:00:00,26.15,26.61,-0.46,-0.14000000000000004,-0.1,neutral,neutral
2014-03-01 00:00:00,27.02,27.19,-0.17,0.15666666666666665,0.2,neutral,neutral
2014-04-01 00:00:00,27.91,27.71,0.21,0.31,0.3,neutral,neutral
2014-05-01 00:00:00,28.26,27.83,0.43,0.23666666666666666,0.2,neutral,neutral
2014-06-01 00:00:00,27.96,27.67,0.29,0.09999999999999998,0.1,neutral,neutral
2014-07-01 00:00:00,27.23,27.25,-0.01,0.11333333333333333,0.1,neutral,neutral
2014-08-01 00:00:00,26.83,26.81,0.02,0.27999999999999997,0.3,neutral,neutral
2014-09-01 00:00:00,27.01,26.68,0.33,0.5433333333333333,0.5,elnino,elnino
2014-10-01 00:00:00,27.16,26.67,0.49,0.7066666666666667,0.7,elnino,elnino
2014-11-01 00:00:00,27.46,26.65,0.81,0.77,0.8,elnino,elnino
2014-12-01 00:00:00,27.32,26.5,0.82,0.69,0.7,elnino,elnino
2015-01-01 00:00:00,27.06,26.38,0.68,0.6066666666666666,0.6,elnino,elnino
2015-02-01 00:00:00,27.18,26.61,0.57,0.6533333333333332,0.7,elnino,elnino
2015-03-01 00:00:00,27.77,27.19,0.57,0.8066666666666666,0.8,elnino,elnino
2015-04-01 00:00:00,28.53,27.71,0.82,1.0266666666666666,1.0,elnino,elnino
2015-05-01 00:00:00,28.85,27.83,1.03,1.2533333333333332,1.3,elnino,elnino
2015-06-01 00:00:00,28.9,27.67,1.23,1.5666666666666664,1.6,elnino,elnino
2015-07-01 00:00:00,28.75,27.25,1.5,1.9033333333333333,1.9,elnino,elnino
2015-08-01 00:00:00,28.78,26.81,1.97,2.2066666666666666,2.2,elnino,elnino
2015-09-01 00:00:00,28.92,26.68,2.24,2.473333333333333,2.5,elnino,elnino
2015-10-01 00:00:00,29.07,26.67,2.41,2.6466666666666665,2.6,elnino,elnino
2015-11-01 00:00:00,29.41,26.65,2.77,2.7533333333333334,2.8,elnino,elnino
2015-12-01 00:00:00,29.26,26.5,2.76,2.626666666666667,2.6,elnino,elnino
2016-01-01 00:00:00,29.11,26.38,2.73,2.276666666666667,2.3,elnino,elnino
2016-02-01 00:00:00,29.0,26.61,2.39,1.7066666666666668,1.7,elnino,elnino
2016-03-01 00:00:00,28.9,27.19,1.71,1.0466666666666666,1.0,elnino,elnino
2016-04-01 00:00:00,28.73,27.71,1.02,0.48666666666666664,0.5,elnino,elnino
2016-05-01 00:00:00,28.24,27.83,0.41,0.003333333333333336,0.0,neutral,neutral
2016-06-01 00:00:00,27.7,27.67,0.03,-0.31,-0.3,neutral,neutral
2016-07-01 00:00:00,26.82,27.25,-0.43,-0.49666666666666665,-0.5,lanina,lanina
2016-08-01 00:00:00,26.28,26.81,-0.53,-0.5833333333333334,-0.6,lanina,lanina
2016-09-01 00:00:00,26.15,26.68,-0.53,-0.6399999999999999,-0.6,lanina,lanina
2016-10-01 00:00:00,25.98,26.67,-0.69,-0.5966666666666666,-0.6,lanina,lanina
2016-11-01 00:00:00,25.95,26.65,-0.7,-0.4533333333333333,-0.5,lanina,lanina
2016-12-01 00:00:00,26.1,26.5,-0.4,-0.19666666666666663,-0.2,neutral,neutral
2017-01-01 00:00:00,26.12,26.38,-0.26,-0.019999999999999962,-0.0,neutral,neutral
2017-02-01 00:00:00,26.68,26.61,0.07,0.17666666666666672,0.2,neutral,neutral
2017-03-01 00:00:00,27.33,27.19,0.13,0.31000000000000005,0.3,neutral,neutral
2017-04-01 00:00:00,28.04,27.71,0.33,0.3966666666666667,0.4,neutral,neutral
2017-05-01 00:00:00,28.3,27.83,0.47,0.3833333333333333,0.4,neutral,neutral
2017-06-01 00:00:00,28.06,27.67,0.39,0.19000000000000003,0.2,neutral,neutral
2017-07-01 00:00:00,27.54,27.25,0.29,-0.06999999999999997,-0.1,neutral,neutral
2017-08-01 00:00:00,26.7,26.81,-0.11,-0.3366666666666666,-0.3,neutral,neutral
2017-09-01 00:00:00,26.29,26.68,-0.39,-0.6,-0.6,lanina,lanina
2017-10-01 00:00:00,26.15,26.67,-0.51,-0.7633333333333333,-0.8,lanina,lanina
2017-11-01 00:00:00,25.74,26.65,-0.9,-0.8633333333333333,-0.9,lanina,lanina
2017-12-01 00:00:00,25.62,26.5,-0.88,-0.7733333333333333,-0.8,lanina,lanina
2018-01-01 00:00:00,25.57,26.38,-0.81,-0.7133333333333334,-0.7,lanina,lanina
2018-02-01 00:00:00,25.98,26.61,-0.63,-0.5733333333333334,-0.6,lanina,lanina
2018-03-01 00:00:00,26.5,27.19,-0.7,-0.3933333333333333,-0.4,neutral,neutral
2018-04-01 00:00:00,27.32,27.71,-0.39,-0.12666666666666662,-0.1,neutral,neutral
2018-05-01 00:00:00,27.74,27.83,-0.09,0.060000000000000046,0.1,neutral,neutral
2018-06-01 00:00:00,27.77,27.67,0.1,0.13666666666666671,0.1,neutral,neutral
2018-07-01 00:00:00,27.42,27.25,0.17,0.2733333333333334,0.3,neutral,neutral
2018-08-01 00:00:00,26.95,26.81,0.14,0.5333333333333333,0.5,elnino,elnino
2018-09-01 00:00:00,27.19,26.68,0.51,0.8066666666666666,0.8,elnino,elnino
2018-10-01 00:00:00,27.62,26.67,0.95,0.9666666666666668,1.0,elnino,elnino
2018-11-01 00:00:00,27.61,26.65,0.96,0.9233333333333333,0.9,elnino,elnino
2018-12-01 00:00:00,27.49,26.5,0.99,0.89,0.9,elnino,elnino
2019-01-01 00:00:00,27.2,26.38,0.82,0.8633333333333334,0.9,elnino,elnino
2019-02-01 00:00:00,27.48,26.61,0.86,0.8366666666666668,0.8,elnino,elnino
2019-03-01 00:00:00,28.1,27.19,0.91,0.7700000000000001,0.8,elnino,elnino
2019-04-01 00:00:00,28.45,27.71,0.74,0.6366666666666667,0.6,elnino,elnino
2019-05-01 00:00:00,28.49,27.83,0.66,0.5233333333333334,0.5,elnino,elnino
2019-06-01 00:00:00,28.18,27.67,0.51,0.3333333333333334,0.3,neutral,neutral
2019-07-01 00:00:00,27.64,27.25,0.4,0.18666666666666673,0.2,neutral,neutral
2019-08-01 00:00:00,26.9,26.81,0.09,0.23000000000000007,0.2,neutral,neutral
2019-09-01 00:00:00,26.75,26.68,0.07,0.39333333333333337,0.4,neutral,neutral
2019-10-01 00:00:00,27.2,26.67,0.53,0.5800000000000001,0.6,elnino,elnino
2019-11-01 00:00:00,27.23,26.65,0.58,0.6633333333333334,0.7,elnino,elnino
2019-12-01 00:00:00,27.12,26.5,0.63,0.6433333333333334,0.6,elnino,elnino
2020-01-01 00:00:00,27.16,26.38,0.78,0.6266666666666667,0.6,elnino,elnino
2020-02-01 00:00:00,27.13,26.61,0.52,0.5266666666666667,0.5,elnino,elnino
2020-03-01 00:00:00,27.77,27.19,0.58,0.3,0.3,neutral,neutral
2020-04-01 00:00:00,28.19,27.71,0.48,0.013333333333333345,0.0,neutral,neutral
2020-05-01 00:00:00,27.66,27.83,-0.16,-0.22999999999999998,-0.2,neutral,neutral
2020-06-01 00:00:00,27.39,27.67,-0.28,-0.35666666666666663,-0.4,neutral,neutral
2020-07-01 00:00:00,26.99,27.25,-0.25,-0.5266666666666667,-0.5,lanina,lanina
2020-08-01 00:00:00,26.27,26.81,-0.54,-0.8433333333333333,-0.8,lanina,lanina
2020-09-01 00:00:00,25.89,26.68,-0.79,-1.1166666666666665,-1.1,lanina,lanina
2020-10-01 00:00:00,25.46,26.67,-1.2,-1.2033333333333334,-1.2,lanina,lanina
2020-11-01 00:00:00,25.28,26.65,-1.36,-1.0766666666666667,-1.1,lanina,lanina
2020-12-01 00:00:00,25.45,26.5,-1.05,-0.9066666666666666,-0.9,lanina,lanina
2021-01-01 00:00:00,25.56,26.38,-0.82,-0.7866666666666665,-0.8,lanina,lanina
2021-02-01 00:00:00,25.76,26.61,-0.85,-0.7133333333333333,-0.7,lanina,lanina
2021-03-01 00:00:00,26.5,27.19,-0.69,-0.5466666666666665,-0.5,lanina,lanina
2021-04-01 00:00:00,27.11,27.71,-0.6,-0.3899999999999999,-0.4,neutral,neutral
2021-05-01 00:00:00,27.48,27.83,-0.35,-0.3033333333333333,-0.3,neutral,neutral
2021-06-01 00:00:00,27.45,27.67,-0.22,-0.3466666666666666,-0.3,neutral,neutral
2021-07-01 00:00:00,26.9,27.25,-0.34,-0.4466666666666666,-0.4,neutral,neutral
2021-08-01 00:00:00,26.32,26.81,-0.48,-0.6299999999999999,-0.6,lanina,lanina
2021-09-01 00:00:00,26.16,26.68,-0.52,-0.7666666666666666,-0.8,lanina,lanina
2021-10-01 00:00:00,25.78,26.67,-0.89,-0.9133333333333332,-0.9,lanina,lanina
2021-11-01 00:00:00,25.76,26.65,-0.89,-0.8733333333333332,-0.9,lanina,lanina
2021-12-01 00:00:00,25.54,26.5,-0.96,-0.8233333333333333,-0.8,lanina,lanina
2022-01-01 00:00:00,25.61,26.38,-0.77,-0.7933333333333333,-0.8,lanina,lanina
2022-02-01 00:00:00,25.88,26.61,-0.74,-0.8666666666666666,-0.9,lanina,lanina
2022-03-01 00:00:00,26.33,27.19,-0.87,-0.9533333333333331,-1.0,lanina,lanina
2022-04-01 00:00:00,26.72,27.71,-0.99,-0.8933333333333332,-0.9,lanina,lanina
2022-05-01 00:00:00,26.83,27.83,-1.0,-0.7799999999999999,-0.8,lanina,lanina
2022-06-01 00:00:00,26.98,27.67,-0.69,-0.7566666666666665,-0.8,lanina,lanina
2022-07-01 00:00:00,26.6,27.25,-0.65,-0.87,-0.9,lanina,lanina
2022-08-01 00:00:00,25.88,26.81,-0.93,-0.9666666666666667,-1.0,lanina,lanina
2022-09-01 00:00:00,25.65,26.68,-1.03,-0.94,-0.9,lanina,lanina
2022-10-01 00:00:00,25.73,26.67,-0.94,-0.8466666666666666,-0.8,lanina,lanina
2022-11-01 00:00:00,25.8,26.65,-0.85,-0.7166666666666667,-0.7,lanina,lanina
2022-12-01 00:00:00,25.75,26.5,-0.75,-0.5366666666666665,-0.5,lanina,lanina
2023-01-01 00:00:00,25.83,26.38,-0.55,-0.2899999999999999,-0.3,neutral,neutral
2023-02-01 00:00:00,26.3,26.61,-0.31,-0.02333333333333326,-0.0,neutral,neutral
2023-03-01 00:00:00,27.18,27.19,-0.01,0.2700000000000001,0.3,neutral,neutral
2023-04-01 00:00:00,27.96,27.71,0.25,0.5700000000000001,0.6,elnino,elnino
2023-05-01 00:00:00,28.39,27.83,0.57,0.8433333333333334,0.8,elnino,elnino
2023-06-01 00:00:00,28.56,27.67,0.89,1.116666666666667,1.1,elnino,elnino
2023-07-01 00:00:00,28.31,27.25,1.07,1.3666666666666665,1.4,elnino,elnino
2023-08-01 00:00:00,28.2,26.81,1.39,1.5999999999999999,1.6,elnino,elnino
2023-09-01 00:00:00,28.32,26.68,1.64,1.83,1.8,elnino,elnino
2023-10-01 00:00:00,28.44,26.67,1.77,1.9933333333333334,2.0,elnino,elnino
2023-11-01 00:00:00,28.72,26.65,2.08,2.063333333333333,2.1,elnino,elnino
2023-12-01 00:00:00,28.63,26.5,2.13,1.9266666666666665,1.9,elnino,elnino
2024-01-01 00:00:00,28.36,26.38,1.98,1.6233333333333333,1.6,elnino,elnino
2024-02-01 00:00:00,28.28,26.61,1.67,1.26,1.3,elnino,elnino
2024-03-01 00:00:00,28.42,27.19,1.22,0.8166666666666668,0.8,elnino,elnino
2024-04-01 00:00:00,28.6,27.71,0.89,0.48666666666666664,0.5,elnino,elnino
2024-05-01 00:00:00,28.17,27.83,0.34,0.22,0.2,neutral,neutral
2024-06-01 00:00:00,27.9,27.67,0.23,0.08333333333333333,0.1,neutral,neutral
2024-07-01 00:00:00,27.34,27.25,0.09,-0.06666666666666667,-0.1,neutral,neutral
2024-08-01 00:00:00,26.74,26.81,-0.07,-0.17,-0.2,neutral,neutral
2024-09-01 00:00:00,26.46,26.68,-0.22,-0.21,-0.2,neutral,neutral
2024-10-01 00:00:00,26.45,26.67,-0.22,-0.3,-0.3,neutral,neutral
2024-11-01 00:00:00,26.46,26.65,-0.19,-0.4133333333333334,-0.4,neutral,neutral
2024-12-01 00:00:00,26.0,26.5,-0.49,-0.44333333333333336,-0.4,neutral,neutral
2025-01-01 00:00:00,25.82,26.38,-0.56,-0.24333333333333337,-0.2,neutral,neutral
2025-02-01 00:00:00,26.33,26.61,-0.28,-0.06333333333333334,-0.1,neutral,neutral
2025-03-01 00:00:00,27.3,27.19,0.11,0.023333333333333334,0.0,neutral,neutral
2025-04-01 00:00:00,27.69,27.71,-0.02,-0.016666666666666666,-0.0,neutral,neutral
2025-05-01 00:00:00,27.8,27.83,-0.02,-0.043333333333333335,-0.0,neutral,neutral
2025-06-01 00:00:00,27.66,27.67,-0.01,-0.14333333333333334,-0.1,neutral,neutral
2025-07-01 00:00:00,27.15,27.25,-0.1,-0.2833333333333333,-0.3,neutral,neutral
2025-08-01 00:00:00,26.49,26.81,-0.32,-0.39999999999999997,-0.4,neutral,neutral
2025-09-01 00:00:00,26.25,26.68,-0.43,-0.5066666666666667,-0.5,lanina,neutral
2025-10-01 00:00:00,26.22,26.67,-0.45,-0.5533333333333333,-0.6,lanina,neutral
2025-11-01 00:00:00,26.01,26.65,-0.64,-0.54,-0.5,lanina,neutral
2025-12-01 00:00:00,25.93,26.5,-0.57,-0.36666666666666664,-0.4,neutral,neutral
2026-01-01 00:00:00,25.97,26.38,-0.41,-0.14666666666666664,-0.1,neutral,neutral
2026-02-01 00:00:00,26.49,26.61,-0.12,0.11,0.1,neutral,neutral
2026-03-01 00:00:00,27.28,27.19,0.09,nan,nan,neutral,neutral
2026-04-01 00:00:00,28.06,27.71,0.36,nan,nan,neutral,neutral
